participant_id,task,condition,predicted_accuracy,fsm_number,fsm_type,mm_accuracy,count_nan
1,explanation,visible,0.5,21.0,easy,0.0,0.0
1,explanation,hidden,0.5,21.0,easy,0.0,0.0
1,explanation,hidden_an,0.5,21.0,easy,0.0,0.0
1,explanation,hidden_normative_subset,0.5,21.0,easy,,
1,explanation,hidden_an_subset,0.5,21.0,easy,,
2,explanation,visible,0.5,21.0,easy,0.0,0.0
2,explanation,hidden,0.5,21.0,easy,0.0,0.0
2,explanation,hidden_an,0.5,21.0,easy,0.0,0.0
2,explanation,hidden_normative_subset,0.5,21.0,easy,,
2,explanation,hidden_an_subset,0.5,21.0,easy,,
3,explanation,visible,0.5,21.0,easy,0.0,0.0
3,explanation,hidden,0.5,21.0,easy,0.0,0.0
3,explanation,hidden_an,0.5,21.0,easy,0.0,0.0
3,explanation,hidden_normative_subset,0.5,21.0,easy,,
3,explanation,hidden_an_subset,0.5,21.0,easy,,
4,explanation,visible,0.5,21.0,easy,0.0,0.0
4,explanation,hidden,0.5,21.0,easy,0.0,0.0
4,explanation,hidden_an,0.5,21.0,easy,0.0,0.0
4,explanation,hidden_normative_subset,0.5,21.0,easy,,
4,explanation,hidden_an_subset,0.5,21.0,easy,,
5,explanation,visible,0.5,21.0,easy,0.0,0.0
5,explanation,hidden,0.5,21.0,easy,0.0,0.0
5,explanation,hidden_an,0.5,21.0,easy,0.0,0.0
5,explanation,hidden_normative_subset,0.5,21.0,easy,,
5,explanation,hidden_an_subset,0.5,21.0,easy,,
6,explanation,visible,0.5,21.0,easy,0.0,0.0
6,explanation,hidden,0.5,21.0,easy,0.0,0.0
6,explanation,hidden_an,0.5,21.0,easy,0.0,0.0
6,explanation,hidden_normative_subset,0.5,21.0,easy,,
6,explanation,hidden_an_subset,0.5,21.0,easy,,
7,explanation,visible,0.5,21.0,easy,0.0,0.0
7,explanation,hidden,0.5,21.0,easy,0.0,0.0
7,explanation,hidden_an,0.5,21.0,easy,0.0,0.0
7,explanation,hidden_normative_subset,0.5,21.0,easy,,
7,explanation,hidden_an_subset,0.5,21.0,easy,,
8,explanation,visible,0.5,21.0,easy,0.0,0.0
8,explanation,hidden,0.5,21.0,easy,0.0,0.0
8,explanation,hidden_an,0.5,21.0,easy,0.0,0.0
8,explanation,hidden_normative_subset,0.5,21.0,easy,,
8,explanation,hidden_an_subset,0.5,21.0,easy,,
9,explanation,visible,0.5,21.0,easy,0.0,0.0
9,explanation,hidden,0.5,21.0,easy,0.0,0.0
9,explanation,hidden_an,0.5,21.0,easy,0.0,0.0
9,explanation,hidden_normative_subset,0.5,21.0,easy,,
9,explanation,hidden_an_subset,0.5,21.0,easy,,
10,explanation,visible,0.5,21.0,easy,0.0,0.0
10,explanation,hidden,0.5,21.0,easy,0.0,0.0
10,explanation,hidden_an,0.5,21.0,easy,0.0,0.0
10,explanation,hidden_normative_subset,0.5,21.0,easy,,
10,explanation,hidden_an_subset,0.5,21.0,easy,,
11,explanation,visible,0.5,21.0,easy,0.0,0.0
11,explanation,hidden,0.5,21.0,easy,0.0,0.0
11,explanation,hidden_an,0.5,21.0,easy,0.0,0.0
11,explanation,hidden_normative_subset,0.5,21.0,easy,,
11,explanation,hidden_an_subset,0.5,21.0,easy,,
12,explanation,visible,0.5,21.0,easy,0.0,0.0
12,explanation,hidden,0.5,21.0,easy,0.0,0.0
12,explanation,hidden_an,0.5,21.0,easy,0.0,0.0
12,explanation,hidden_normative_subset,0.5,21.0,easy,,
12,explanation,hidden_an_subset,0.5,21.0,easy,,
13,explanation,visible,0.5,21.0,easy,0.0,0.0
13,explanation,hidden,0.5,21.0,easy,0.0,0.0
13,explanation,hidden_an,0.5,21.0,easy,0.0,0.0
13,explanation,hidden_normative_subset,0.5,21.0,easy,,
13,explanation,hidden_an_subset,0.5,21.0,easy,,
14,explanation,visible,0.5,21.0,easy,0.0,0.0
14,explanation,hidden,0.5,21.0,easy,0.0,0.0
14,explanation,hidden_an,0.5,21.0,easy,0.0,0.0
14,explanation,hidden_normative_subset,0.5,21.0,easy,,
14,explanation,hidden_an_subset,0.5,21.0,easy,,
15,explanation,visible,0.5,21.0,easy,0.0,0.0
15,explanation,hidden,0.5,21.0,easy,0.0,0.0
15,explanation,hidden_an,0.5,21.0,easy,0.0,0.0
15,explanation,hidden_normative_subset,0.5,21.0,easy,,
15,explanation,hidden_an_subset,0.5,21.0,easy,,
16,explanation,visible,0.5,21.0,easy,0.0,0.0
16,explanation,hidden,0.5,21.0,easy,0.0,0.0
16,explanation,hidden_an,0.5,21.0,easy,0.0,0.0
16,explanation,hidden_normative_subset,0.5,21.0,easy,,
16,explanation,hidden_an_subset,0.5,21.0,easy,,
17,explanation,visible,0.5,21.0,easy,0.0,0.0
17,explanation,hidden,0.5,21.0,easy,0.0,0.0
17,explanation,hidden_an,0.5,21.0,easy,0.0,0.0
17,explanation,hidden_normative_subset,0.5,21.0,easy,,
17,explanation,hidden_an_subset,0.5,21.0,easy,,
18,explanation,visible,0.5,21.0,easy,0.0,0.0
18,explanation,hidden,0.5,21.0,easy,0.0,0.0
18,explanation,hidden_an,0.5,21.0,easy,0.0,0.0
18,explanation,hidden_normative_subset,0.5,21.0,easy,,
18,explanation,hidden_an_subset,0.5,21.0,easy,,
19,explanation,visible,0.5,21.0,easy,0.0,0.0
19,explanation,hidden,0.5,21.0,easy,0.0,0.0
19,explanation,hidden_an,0.5,21.0,easy,0.0,0.0
19,explanation,hidden_normative_subset,0.5,21.0,easy,,
19,explanation,hidden_an_subset,0.5,21.0,easy,,
20,explanation,visible,0.5,21.0,easy,0.0,0.0
20,explanation,hidden,0.5,21.0,easy,0.0,0.0
20,explanation,hidden_an,0.5,21.0,easy,0.0,0.0
20,explanation,hidden_normative_subset,0.5,21.0,easy,,
20,explanation,hidden_an_subset,0.5,21.0,easy,,
21,explanation,visible,0.5,21.0,easy,0.0,0.0
21,explanation,hidden,0.5,21.0,easy,0.0,0.0
21,explanation,hidden_an,0.5,21.0,easy,0.0,0.0
21,explanation,hidden_normative_subset,0.5,21.0,easy,,
21,explanation,hidden_an_subset,0.5,21.0,easy,,
22,explanation,visible,0.5,21.0,easy,0.0,0.0
22,explanation,hidden,0.5,21.0,easy,0.0,0.0
22,explanation,hidden_an,0.5,21.0,easy,0.0,0.0
22,explanation,hidden_normative_subset,0.5,21.0,easy,,
22,explanation,hidden_an_subset,0.5,21.0,easy,,
23,explanation,visible,0.5,21.0,easy,0.0,0.0
23,explanation,hidden,0.5,21.0,easy,0.0,0.0
23,explanation,hidden_an,0.5,21.0,easy,0.0,0.0
23,explanation,hidden_normative_subset,0.5,21.0,easy,,
23,explanation,hidden_an_subset,0.5,21.0,easy,,
24,explanation,visible,0.5,21.0,easy,0.0,0.0
24,explanation,hidden,0.5,21.0,easy,0.0,0.0
24,explanation,hidden_an,0.5,21.0,easy,0.0,0.0
24,explanation,hidden_normative_subset,0.5,21.0,easy,,
24,explanation,hidden_an_subset,0.5,21.0,easy,,
25,explanation,visible,0.5,21.0,easy,0.0,0.0
25,explanation,hidden,0.5,21.0,easy,0.0,0.0
25,explanation,hidden_an,0.5,21.0,easy,0.0,0.0
25,explanation,hidden_normative_subset,0.5,21.0,easy,,
25,explanation,hidden_an_subset,0.5,21.0,easy,,
26,explanation,visible,0.5,21.0,easy,0.0,0.0
26,explanation,hidden,0.5,21.0,easy,0.0,0.0
26,explanation,hidden_an,0.5,21.0,easy,0.0,0.0
26,explanation,hidden_normative_subset,0.5,21.0,easy,,
26,explanation,hidden_an_subset,0.5,21.0,easy,,
27,explanation,visible,0.5,21.0,easy,0.0,0.0
27,explanation,hidden,0.5,21.0,easy,0.0,0.0
27,explanation,hidden_an,0.5,21.0,easy,0.0,0.0
27,explanation,hidden_normative_subset,0.5,21.0,easy,,
27,explanation,hidden_an_subset,0.5,21.0,easy,,
28,explanation,visible,0.5,21.0,easy,0.0,0.0
28,explanation,hidden,0.5,21.0,easy,0.0,0.0
28,explanation,hidden_an,0.5,21.0,easy,0.0,0.0
28,explanation,hidden_normative_subset,0.5,21.0,easy,,
28,explanation,hidden_an_subset,0.5,21.0,easy,,
29,explanation,visible,0.5,21.0,easy,0.0,0.0
29,explanation,hidden,0.5,21.0,easy,0.0,0.0
29,explanation,hidden_an,0.5,21.0,easy,0.0,0.0
29,explanation,hidden_normative_subset,0.5,21.0,easy,,
29,explanation,hidden_an_subset,0.5,21.0,easy,,
30,explanation,visible,0.5,21.0,easy,0.0,0.0
30,explanation,hidden,0.5,21.0,easy,0.0,0.0
30,explanation,hidden_an,0.5,21.0,easy,0.0,0.0
30,explanation,hidden_normative_subset,0.5,21.0,easy,,
30,explanation,hidden_an_subset,0.5,21.0,easy,,
31,explanation,visible,0.5,21.0,easy,0.0,0.0
31,explanation,hidden,0.5,21.0,easy,0.0,0.0
31,explanation,hidden_an,0.5,21.0,easy,0.0,0.0
31,explanation,hidden_normative_subset,0.5,21.0,easy,,
31,explanation,hidden_an_subset,0.5,21.0,easy,,
32,explanation,visible,0.5,21.0,easy,0.0,0.0
32,explanation,hidden,0.5,21.0,easy,0.0,0.0
32,explanation,hidden_an,0.5,21.0,easy,0.0,0.0
32,explanation,hidden_normative_subset,0.5,21.0,easy,,
32,explanation,hidden_an_subset,0.5,21.0,easy,,
33,explanation,visible,0.5,21.0,easy,0.0,0.0
33,explanation,hidden,0.5,21.0,easy,0.0,0.0
33,explanation,hidden_an,0.5,21.0,easy,0.0,0.0
33,explanation,hidden_normative_subset,0.5,21.0,easy,,
33,explanation,hidden_an_subset,0.5,21.0,easy,,
34,explanation,visible,0.5,21.0,easy,0.0,0.0
34,explanation,hidden,0.5,21.0,easy,0.0,0.0
34,explanation,hidden_an,0.5,21.0,easy,0.0,0.0
34,explanation,hidden_normative_subset,0.5,21.0,easy,,
34,explanation,hidden_an_subset,0.5,21.0,easy,,
35,explanation,visible,0.5,21.0,easy,0.0,0.0
35,explanation,hidden,0.5,21.0,easy,0.0,0.0
35,explanation,hidden_an,0.5,21.0,easy,0.0,0.0
35,explanation,hidden_normative_subset,0.5,21.0,easy,,
35,explanation,hidden_an_subset,0.5,21.0,easy,,
36,explanation,visible,0.5,21.0,easy,0.0,0.0
36,explanation,hidden,0.5,21.0,easy,0.0,0.0
36,explanation,hidden_an,0.5,21.0,easy,0.0,0.0
36,explanation,hidden_normative_subset,0.5,21.0,easy,,
36,explanation,hidden_an_subset,0.5,21.0,easy,,
37,explanation,visible,0.5,21.0,easy,0.0,0.0
37,explanation,hidden,0.5,21.0,easy,0.0,0.0
37,explanation,hidden_an,0.5,21.0,easy,0.0,0.0
37,explanation,hidden_normative_subset,0.5,21.0,easy,,
37,explanation,hidden_an_subset,0.5,21.0,easy,,
38,explanation,visible,0.5,21.0,easy,0.0,0.0
38,explanation,hidden,0.5,21.0,easy,0.0,0.0
38,explanation,hidden_an,0.5,21.0,easy,0.0,0.0
38,explanation,hidden_normative_subset,0.5,21.0,easy,,
38,explanation,hidden_an_subset,0.5,21.0,easy,,
39,explanation,visible,0.5,21.0,easy,0.0,0.0
39,explanation,hidden,0.5,21.0,easy,0.0,0.0
39,explanation,hidden_an,0.5,21.0,easy,0.0,0.0
39,explanation,hidden_normative_subset,0.5,21.0,easy,,
39,explanation,hidden_an_subset,0.5,21.0,easy,,
40,explanation,visible,0.5,21.0,easy,0.0,0.0
40,explanation,hidden,0.5,21.0,easy,0.0,0.0
40,explanation,hidden_an,0.5,21.0,easy,0.0,0.0
40,explanation,hidden_normative_subset,0.5,21.0,easy,,
40,explanation,hidden_an_subset,0.5,21.0,easy,,
41,explanation,visible,0.5,21.0,easy,0.0,0.0
41,explanation,hidden,0.5,21.0,easy,0.0,0.0
41,explanation,hidden_an,0.5,21.0,easy,0.0,0.0
41,explanation,hidden_normative_subset,0.5,21.0,easy,,
41,explanation,hidden_an_subset,0.5,21.0,easy,,
42,explanation,visible,0.5,21.0,easy,0.0,0.0
42,explanation,hidden,0.5,21.0,easy,0.0,0.0
42,explanation,hidden_an,0.5,21.0,easy,0.0,0.0
42,explanation,hidden_normative_subset,0.5,21.0,easy,,
42,explanation,hidden_an_subset,0.5,21.0,easy,,
43,explanation,visible,0.5,21.0,easy,0.0,0.0
43,explanation,hidden,0.5,21.0,easy,0.0,0.0
43,explanation,hidden_an,0.5,21.0,easy,0.0,0.0
43,explanation,hidden_normative_subset,0.5,21.0,easy,,
43,explanation,hidden_an_subset,0.5,21.0,easy,,
44,explanation,visible,0.5,21.0,easy,0.0,0.0
44,explanation,hidden,0.5,21.0,easy,0.0,0.0
44,explanation,hidden_an,0.5,21.0,easy,0.0,0.0
44,explanation,hidden_normative_subset,0.5,21.0,easy,,
44,explanation,hidden_an_subset,0.5,21.0,easy,,
45,explanation,visible,0.5,21.0,easy,0.0,0.0
45,explanation,hidden,0.5,21.0,easy,0.0,0.0
45,explanation,hidden_an,0.5,21.0,easy,0.0,0.0
45,explanation,hidden_normative_subset,0.5,21.0,easy,,
45,explanation,hidden_an_subset,0.5,21.0,easy,,
46,explanation,visible,0.5,21.0,easy,0.0,0.0
46,explanation,hidden,0.5,21.0,easy,0.0,0.0
46,explanation,hidden_an,0.5,21.0,easy,0.0,0.0
46,explanation,hidden_normative_subset,0.5,21.0,easy,,
46,explanation,hidden_an_subset,0.5,21.0,easy,,
47,explanation,visible,0.5,21.0,easy,0.0,0.0
47,explanation,hidden,0.5,21.0,easy,0.0,0.0
47,explanation,hidden_an,0.5,21.0,easy,0.0,0.0
47,explanation,hidden_normative_subset,0.5,21.0,easy,,
47,explanation,hidden_an_subset,0.5,21.0,easy,,
48,explanation,visible,0.5,21.0,easy,0.0,0.0
48,explanation,hidden,0.5,21.0,easy,0.0,0.0
48,explanation,hidden_an,0.5,21.0,easy,0.0,0.0
48,explanation,hidden_normative_subset,0.5,21.0,easy,,
48,explanation,hidden_an_subset,0.5,21.0,easy,,
49,explanation,visible,0.5,21.0,easy,0.0,0.0
49,explanation,hidden,0.5,21.0,easy,0.0,0.0
49,explanation,hidden_an,0.5,21.0,easy,0.0,0.0
49,explanation,hidden_normative_subset,0.5,21.0,easy,,
49,explanation,hidden_an_subset,0.5,21.0,easy,,
50,explanation,visible,0.5,21.0,easy,0.0,0.0
50,explanation,hidden,0.5,21.0,easy,0.0,0.0
50,explanation,hidden_an,0.5,21.0,easy,0.0,0.0
50,explanation,hidden_normative_subset,0.5,21.0,easy,,
50,explanation,hidden_an_subset,0.5,21.0,easy,,
51,explanation,visible,0.5,21.0,easy,0.0,0.0
51,explanation,hidden,0.5,21.0,easy,0.0,0.0
51,explanation,hidden_an,0.5,21.0,easy,0.0,0.0
51,explanation,hidden_normative_subset,0.5,21.0,easy,,
51,explanation,hidden_an_subset,0.5,21.0,easy,,
52,explanation,visible,0.5,21.0,easy,0.0,0.0
52,explanation,hidden,0.5,21.0,easy,0.0,0.0
52,explanation,hidden_an,0.5,21.0,easy,0.0,0.0
52,explanation,hidden_normative_subset,0.5,21.0,easy,,
52,explanation,hidden_an_subset,0.5,21.0,easy,,
53,explanation,visible,0.5,21.0,easy,0.0,0.0
53,explanation,hidden,0.5,21.0,easy,0.0,0.0
53,explanation,hidden_an,0.5,21.0,easy,0.0,0.0
53,explanation,hidden_normative_subset,0.5,21.0,easy,,
53,explanation,hidden_an_subset,0.5,21.0,easy,,
54,explanation,visible,0.5,21.0,easy,0.0,0.0
54,explanation,hidden,0.5,21.0,easy,0.0,0.0
54,explanation,hidden_an,0.5,21.0,easy,0.0,0.0
54,explanation,hidden_normative_subset,0.5,21.0,easy,,
54,explanation,hidden_an_subset,0.5,21.0,easy,,
55,explanation,visible,0.5,21.0,easy,0.0,0.0
55,explanation,hidden,0.5,21.0,easy,0.0,0.0
55,explanation,hidden_an,0.5,21.0,easy,0.0,0.0
55,explanation,hidden_normative_subset,0.5,21.0,easy,,
55,explanation,hidden_an_subset,0.5,21.0,easy,,
56,explanation,visible,0.5,21.0,easy,0.0,0.0
56,explanation,hidden,0.5,21.0,easy,0.0,0.0
56,explanation,hidden_an,0.5,21.0,easy,0.0,0.0
56,explanation,hidden_normative_subset,0.5,21.0,easy,,
56,explanation,hidden_an_subset,0.5,21.0,easy,,
57,explanation,visible,0.5,21.0,easy,0.0,0.0
57,explanation,hidden,0.5,21.0,easy,0.0,0.0
57,explanation,hidden_an,0.5,21.0,easy,0.0,0.0
57,explanation,hidden_normative_subset,0.5,21.0,easy,,
57,explanation,hidden_an_subset,0.5,21.0,easy,,
58,explanation,visible,0.5,21.0,easy,0.0,0.0
58,explanation,hidden,0.5,21.0,easy,0.0,0.0
58,explanation,hidden_an,0.5,21.0,easy,0.0,0.0
58,explanation,hidden_normative_subset,0.5,21.0,easy,,
58,explanation,hidden_an_subset,0.5,21.0,easy,,
59,explanation,visible,0.5,21.0,easy,0.0,0.0
59,explanation,hidden,0.5,21.0,easy,0.0,0.0
59,explanation,hidden_an,0.5,21.0,easy,0.0,0.0
59,explanation,hidden_normative_subset,0.5,21.0,easy,,
59,explanation,hidden_an_subset,0.5,21.0,easy,,
60,explanation,visible,0.5,21.0,easy,0.0,0.0
60,explanation,hidden,0.5,21.0,easy,0.0,0.0
60,explanation,hidden_an,0.5,21.0,easy,0.0,0.0
60,explanation,hidden_normative_subset,0.5,21.0,easy,,
60,explanation,hidden_an_subset,0.5,21.0,easy,,
61,explanation,visible,0.5,21.0,easy,0.0,0.0
61,explanation,hidden,0.5,21.0,easy,0.0,0.0
61,explanation,hidden_an,0.5,21.0,easy,0.0,0.0
61,explanation,hidden_normative_subset,0.5,21.0,easy,,
61,explanation,hidden_an_subset,0.5,21.0,easy,,
62,explanation,visible,0.5,21.0,easy,0.0,0.0
62,explanation,hidden,0.5,21.0,easy,0.0,0.0
62,explanation,hidden_an,0.5,21.0,easy,0.0,0.0
62,explanation,hidden_normative_subset,0.5,21.0,easy,,
62,explanation,hidden_an_subset,0.5,21.0,easy,,
63,explanation,visible,0.5,21.0,easy,0.0,0.0
63,explanation,hidden,0.5,21.0,easy,0.0,0.0
63,explanation,hidden_an,0.5,21.0,easy,0.0,1.0
63,explanation,hidden_normative_subset,0.5,21.0,easy,,
63,explanation,hidden_an_subset,0.5,21.0,easy,,
64,explanation,visible,0.5,21.0,easy,0.0,0.0
64,explanation,hidden,0.5,21.0,easy,0.0,0.0
64,explanation,hidden_an,0.5,21.0,easy,0.0,0.0
64,explanation,hidden_normative_subset,0.5,21.0,easy,,
64,explanation,hidden_an_subset,0.5,21.0,easy,,
65,explanation,visible,0.5,21.0,easy,0.0,0.0
65,explanation,hidden,0.5,21.0,easy,0.0,0.0
65,explanation,hidden_an,0.5,21.0,easy,0.0,0.0
65,explanation,hidden_normative_subset,0.5,21.0,easy,,
65,explanation,hidden_an_subset,0.5,21.0,easy,,
66,explanation,visible,0.5,21.0,easy,0.0,0.0
66,explanation,hidden,0.5,21.0,easy,0.0,0.0
66,explanation,hidden_an,0.5,21.0,easy,0.0,0.0
66,explanation,hidden_normative_subset,0.5,21.0,easy,,
66,explanation,hidden_an_subset,0.5,21.0,easy,,
67,explanation,visible,0.5,21.0,easy,0.0,0.0
67,explanation,hidden,0.5,21.0,easy,0.0,0.0
67,explanation,hidden_an,0.5,21.0,easy,0.0,0.0
67,explanation,hidden_normative_subset,0.5,21.0,easy,,
67,explanation,hidden_an_subset,0.5,21.0,easy,,
68,explanation,visible,0.5,21.0,easy,0.0,0.0
68,explanation,hidden,0.5,21.0,easy,0.0,0.0
68,explanation,hidden_an,0.5,21.0,easy,0.0,0.0
68,explanation,hidden_normative_subset,0.5,21.0,easy,,
68,explanation,hidden_an_subset,0.5,21.0,easy,,
69,explanation,visible,0.5,21.0,easy,0.0,0.0
69,explanation,hidden,0.5,21.0,easy,0.0,0.0
69,explanation,hidden_an,0.5,21.0,easy,0.0,0.0
69,explanation,hidden_normative_subset,0.5,21.0,easy,,
69,explanation,hidden_an_subset,0.5,21.0,easy,,
70,explanation,visible,0.5,21.0,easy,0.0,0.0
70,explanation,hidden,0.5,21.0,easy,0.0,0.0
70,explanation,hidden_an,0.5,21.0,easy,0.0,0.0
70,explanation,hidden_normative_subset,0.5,21.0,easy,,
70,explanation,hidden_an_subset,0.5,21.0,easy,,
71,explanation,visible,0.5,21.0,easy,0.0,0.0
71,explanation,hidden,0.5,21.0,easy,0.0,0.0
71,explanation,hidden_an,0.5,21.0,easy,0.0,0.0
71,explanation,hidden_normative_subset,0.5,21.0,easy,,
71,explanation,hidden_an_subset,0.5,21.0,easy,,
72,explanation,visible,0.5,21.0,easy,0.0,0.0
72,explanation,hidden,0.5,21.0,easy,0.0,0.0
72,explanation,hidden_an,0.5,21.0,easy,0.0,0.0
72,explanation,hidden_normative_subset,0.5,21.0,easy,,
72,explanation,hidden_an_subset,0.5,21.0,easy,,
73,explanation,visible,0.5,21.0,easy,0.0,0.0
73,explanation,hidden,0.5,21.0,easy,0.0,0.0
73,explanation,hidden_an,0.5,21.0,easy,0.0,0.0
73,explanation,hidden_normative_subset,0.5,21.0,easy,,
73,explanation,hidden_an_subset,0.5,21.0,easy,,
74,explanation,visible,0.5,21.0,easy,0.0,0.0
74,explanation,hidden,0.5,21.0,easy,0.0,0.0
74,explanation,hidden_an,0.5,21.0,easy,0.0,0.0
74,explanation,hidden_normative_subset,0.5,21.0,easy,,
74,explanation,hidden_an_subset,0.5,21.0,easy,,
75,explanation,visible,0.5,21.0,easy,0.0,0.0
75,explanation,hidden,0.5,21.0,easy,0.0,0.0
75,explanation,hidden_an,0.5,21.0,easy,0.0,0.0
75,explanation,hidden_normative_subset,0.5,21.0,easy,,
75,explanation,hidden_an_subset,0.5,21.0,easy,,
76,explanation,visible,0.5,21.0,easy,0.0,0.0
76,explanation,hidden,0.5,21.0,easy,0.0,0.0
76,explanation,hidden_an,0.5,21.0,easy,0.0,0.0
76,explanation,hidden_normative_subset,0.5,21.0,easy,,
76,explanation,hidden_an_subset,0.5,21.0,easy,,
77,explanation,visible,0.5,21.0,easy,0.0,0.0
77,explanation,hidden,0.5,21.0,easy,0.0,0.0
77,explanation,hidden_an,0.5,21.0,easy,0.0,0.0
77,explanation,hidden_normative_subset,0.5,21.0,easy,,
77,explanation,hidden_an_subset,0.5,21.0,easy,,
78,explanation,visible,0.5,21.0,easy,0.0,0.0
78,explanation,hidden,0.5,21.0,easy,0.0,0.0
78,explanation,hidden_an,0.5,21.0,easy,0.0,0.0
78,explanation,hidden_normative_subset,0.5,21.0,easy,,
78,explanation,hidden_an_subset,0.5,21.0,easy,,
79,explanation,visible,0.5,21.0,easy,0.0,0.0
79,explanation,hidden,0.5,21.0,easy,0.0,0.0
79,explanation,hidden_an,0.5,21.0,easy,0.0,0.0
79,explanation,hidden_normative_subset,0.5,21.0,easy,,
79,explanation,hidden_an_subset,0.5,21.0,easy,,
80,explanation,visible,0.5,21.0,easy,0.0,0.0
80,explanation,hidden,0.5,21.0,easy,0.0,0.0
80,explanation,hidden_an,0.5,21.0,easy,0.0,0.0
80,explanation,hidden_normative_subset,0.5,21.0,easy,,
80,explanation,hidden_an_subset,0.5,21.0,easy,,
81,explanation,visible,0.5,21.0,easy,0.0,0.0
81,explanation,hidden,0.5,21.0,easy,0.0,0.0
81,explanation,hidden_an,0.5,21.0,easy,0.0,0.0
81,explanation,hidden_normative_subset,0.5,21.0,easy,,
81,explanation,hidden_an_subset,0.5,21.0,easy,,
82,explanation,visible,0.5,21.0,easy,0.0,0.0
82,explanation,hidden,0.5,21.0,easy,0.0,0.0
82,explanation,hidden_an,0.5,21.0,easy,0.0,0.0
82,explanation,hidden_normative_subset,0.5,21.0,easy,,
82,explanation,hidden_an_subset,0.5,21.0,easy,,
83,explanation,visible,0.5,21.0,easy,0.0,0.0
83,explanation,hidden,0.5,21.0,easy,0.0,0.0
83,explanation,hidden_an,0.5,21.0,easy,0.0,0.0
83,explanation,hidden_normative_subset,0.5,21.0,easy,,
83,explanation,hidden_an_subset,0.5,21.0,easy,,
84,explanation,visible,0.5,21.0,easy,0.0,0.0
84,explanation,hidden,0.5,21.0,easy,0.0,0.0
84,explanation,hidden_an,0.5,21.0,easy,0.0,0.0
84,explanation,hidden_normative_subset,0.5,21.0,easy,,
84,explanation,hidden_an_subset,0.5,21.0,easy,,
85,explanation,visible,0.5,21.0,easy,0.0,0.0
85,explanation,hidden,0.5,21.0,easy,0.0,0.0
85,explanation,hidden_an,0.5,21.0,easy,0.0,0.0
85,explanation,hidden_normative_subset,0.5,21.0,easy,,
85,explanation,hidden_an_subset,0.5,21.0,easy,,
86,explanation,visible,0.5,21.0,easy,0.0,0.0
86,explanation,hidden,0.5,21.0,easy,0.0,0.0
86,explanation,hidden_an,0.5,21.0,easy,0.0,0.0
86,explanation,hidden_normative_subset,0.5,21.0,easy,,
86,explanation,hidden_an_subset,0.5,21.0,easy,,
87,explanation,visible,0.5,21.0,easy,0.0,0.0
87,explanation,hidden,0.5,21.0,easy,0.0,0.0
87,explanation,hidden_an,0.5,21.0,easy,0.0,0.0
87,explanation,hidden_normative_subset,0.5,21.0,easy,,
87,explanation,hidden_an_subset,0.5,21.0,easy,,
88,explanation,visible,0.5,21.0,easy,0.0,0.0
88,explanation,hidden,0.5,21.0,easy,0.0,0.0
88,explanation,hidden_an,0.5,21.0,easy,0.0,0.0
88,explanation,hidden_normative_subset,0.5,21.0,easy,,
88,explanation,hidden_an_subset,0.5,21.0,easy,,
89,explanation,visible,0.5,21.0,easy,0.0,0.0
89,explanation,hidden,0.5,21.0,easy,0.0,0.0
89,explanation,hidden_an,0.5,21.0,easy,0.0,0.0
89,explanation,hidden_normative_subset,0.5,21.0,easy,,
89,explanation,hidden_an_subset,0.5,21.0,easy,,
90,explanation,visible,0.5,21.0,easy,0.0,0.0
90,explanation,hidden,0.5,21.0,easy,0.0,0.0
90,explanation,hidden_an,0.5,21.0,easy,0.0,0.0
90,explanation,hidden_normative_subset,0.5,21.0,easy,,
90,explanation,hidden_an_subset,0.5,21.0,easy,,
91,explanation,visible,0.5,21.0,easy,0.0,0.0
91,explanation,hidden,0.5,21.0,easy,0.0,0.0
91,explanation,hidden_an,0.5,21.0,easy,0.0,0.0
91,explanation,hidden_normative_subset,0.5,21.0,easy,,
91,explanation,hidden_an_subset,0.5,21.0,easy,,
92,explanation,visible,0.5,21.0,easy,0.0,0.0
92,explanation,hidden,0.5,21.0,easy,0.0,0.0
92,explanation,hidden_an,0.5,21.0,easy,0.0,0.0
92,explanation,hidden_normative_subset,0.5,21.0,easy,,
92,explanation,hidden_an_subset,0.5,21.0,easy,,
93,explanation,visible,0.5,21.0,easy,0.0,0.0
93,explanation,hidden,0.5,21.0,easy,0.0,0.0
93,explanation,hidden_an,0.5,21.0,easy,0.0,0.0
93,explanation,hidden_normative_subset,0.5,21.0,easy,,
93,explanation,hidden_an_subset,0.5,21.0,easy,,
94,explanation,visible,0.5,21.0,easy,0.0,0.0
94,explanation,hidden,0.5,21.0,easy,0.0,0.0
94,explanation,hidden_an,0.5,21.0,easy,0.0,0.0
94,explanation,hidden_normative_subset,0.5,21.0,easy,,
94,explanation,hidden_an_subset,0.5,21.0,easy,,
95,explanation,visible,0.5,21.0,easy,0.0,0.0
95,explanation,hidden,0.5,21.0,easy,0.0,0.0
95,explanation,hidden_an,0.5,21.0,easy,0.0,0.0
95,explanation,hidden_normative_subset,0.5,21.0,easy,,
95,explanation,hidden_an_subset,0.5,21.0,easy,,
96,explanation,visible,0.5,21.0,easy,0.0,0.0
96,explanation,hidden,0.5,21.0,easy,0.0,0.0
96,explanation,hidden_an,0.5,21.0,easy,0.0,0.0
96,explanation,hidden_normative_subset,0.5,21.0,easy,,
96,explanation,hidden_an_subset,0.5,21.0,easy,,
97,explanation,visible,0.5,21.0,easy,0.0,0.0
97,explanation,hidden,0.5,21.0,easy,0.0,0.0
97,explanation,hidden_an,0.5,21.0,easy,0.0,0.0
97,explanation,hidden_normative_subset,0.5,21.0,easy,,
97,explanation,hidden_an_subset,0.5,21.0,easy,,
98,explanation,visible,0.5,21.0,easy,0.0,0.0
98,explanation,hidden,0.5,21.0,easy,0.0,0.0
98,explanation,hidden_an,0.5,21.0,easy,0.0,0.0
98,explanation,hidden_normative_subset,0.5,21.0,easy,,
98,explanation,hidden_an_subset,0.5,21.0,easy,,
99,explanation,visible,0.5,21.0,easy,0.0,0.0
99,explanation,hidden,0.5,21.0,easy,0.0,0.0
99,explanation,hidden_an,0.5,21.0,easy,0.0,0.0
99,explanation,hidden_normative_subset,0.5,21.0,easy,,
99,explanation,hidden_an_subset,0.5,21.0,easy,,
100,explanation,visible,0.5,21.0,easy,0.0,0.0
100,explanation,hidden,0.5,21.0,easy,0.0,0.0
100,explanation,hidden_an,0.5,21.0,easy,0.0,0.0
100,explanation,hidden_normative_subset,0.5,21.0,easy,,
100,explanation,hidden_an_subset,0.5,21.0,easy,,
101,explanation,visible,0.5,21.0,easy,0.0,0.0
101,explanation,hidden,0.5,21.0,easy,0.0,0.0
101,explanation,hidden_an,0.5,21.0,easy,0.0,0.0
101,explanation,hidden_normative_subset,0.5,21.0,easy,,
101,explanation,hidden_an_subset,0.5,21.0,easy,,
102,explanation,visible,0.5,21.0,easy,0.0,0.0
102,explanation,hidden,0.5,21.0,easy,0.0,0.0
102,explanation,hidden_an,0.5,21.0,easy,0.0,0.0
102,explanation,hidden_normative_subset,0.5,21.0,easy,,
102,explanation,hidden_an_subset,0.5,21.0,easy,,
103,explanation,visible,0.5,21.0,easy,0.0,0.0
103,explanation,hidden,0.5,21.0,easy,0.0,0.0
103,explanation,hidden_an,0.5,21.0,easy,0.0,0.0
103,explanation,hidden_normative_subset,0.5,21.0,easy,,
103,explanation,hidden_an_subset,0.5,21.0,easy,,
104,explanation,visible,0.5,21.0,easy,0.0,0.0
104,explanation,hidden,0.5,21.0,easy,0.0,0.0
104,explanation,hidden_an,0.5,21.0,easy,0.0,0.0
104,explanation,hidden_normative_subset,0.5,21.0,easy,,
104,explanation,hidden_an_subset,0.5,21.0,easy,,
105,explanation,visible,0.5,21.0,easy,0.0,0.0
105,explanation,hidden,0.5,21.0,easy,0.0,0.0
105,explanation,hidden_an,0.5,21.0,easy,0.0,0.0
105,explanation,hidden_normative_subset,0.5,21.0,easy,,
105,explanation,hidden_an_subset,0.5,21.0,easy,,
106,explanation,visible,0.5,21.0,easy,0.0,0.0
106,explanation,hidden,0.5,21.0,easy,0.0,0.0
106,explanation,hidden_an,0.5,21.0,easy,0.0,0.0
106,explanation,hidden_normative_subset,0.5,21.0,easy,,
106,explanation,hidden_an_subset,0.5,21.0,easy,,
107,explanation,visible,0.5,21.0,easy,0.0,0.0
107,explanation,hidden,0.5,21.0,easy,0.0,0.0
107,explanation,hidden_an,0.5,21.0,easy,0.0,0.0
107,explanation,hidden_normative_subset,0.5,21.0,easy,,
107,explanation,hidden_an_subset,0.5,21.0,easy,,
108,explanation,visible,0.5,21.0,easy,0.0,0.0
108,explanation,hidden,0.5,21.0,easy,0.0,0.0
108,explanation,hidden_an,0.5,21.0,easy,0.0,0.0
108,explanation,hidden_normative_subset,0.5,21.0,easy,,
108,explanation,hidden_an_subset,0.5,21.0,easy,,
109,explanation,visible,0.5,21.0,easy,0.0,0.0
109,explanation,hidden,0.5,21.0,easy,0.0,0.0
109,explanation,hidden_an,0.5,21.0,easy,0.0,0.0
109,explanation,hidden_normative_subset,0.5,21.0,easy,,
109,explanation,hidden_an_subset,0.5,21.0,easy,,
110,explanation,visible,0.5,21.0,easy,0.0,0.0
110,explanation,hidden,0.5,21.0,easy,0.0,0.0
110,explanation,hidden_an,0.5,21.0,easy,0.0,0.0
110,explanation,hidden_normative_subset,0.5,21.0,easy,,
110,explanation,hidden_an_subset,0.5,21.0,easy,,
111,explanation,visible,0.5,21.0,easy,0.0,0.0
111,explanation,hidden,0.5,21.0,easy,0.0,0.0
111,explanation,hidden_an,0.5,21.0,easy,0.0,0.0
111,explanation,hidden_normative_subset,0.5,21.0,easy,,
111,explanation,hidden_an_subset,0.5,21.0,easy,,
112,explanation,visible,0.5,21.0,easy,0.0,0.0
112,explanation,hidden,0.5,21.0,easy,0.0,0.0
112,explanation,hidden_an,0.5,21.0,easy,0.0,0.0
112,explanation,hidden_normative_subset,0.5,21.0,easy,,
112,explanation,hidden_an_subset,0.5,21.0,easy,,
113,explanation,visible,0.5,21.0,easy,0.0,0.0
113,explanation,hidden,0.5,21.0,easy,0.0,0.0
113,explanation,hidden_an,0.5,21.0,easy,0.0,0.0
113,explanation,hidden_normative_subset,0.5,21.0,easy,,
113,explanation,hidden_an_subset,0.5,21.0,easy,,
114,explanation,visible,0.5,21.0,easy,0.0,0.0
114,explanation,hidden,0.5,21.0,easy,0.0,0.0
114,explanation,hidden_an,0.5,21.0,easy,0.0,0.0
114,explanation,hidden_normative_subset,0.5,21.0,easy,,
114,explanation,hidden_an_subset,0.5,21.0,easy,,
115,explanation,visible,0.5,21.0,easy,0.0,0.0
115,explanation,hidden,0.5,21.0,easy,0.0,0.0
115,explanation,hidden_an,0.5,21.0,easy,0.0,0.0
115,explanation,hidden_normative_subset,0.5,21.0,easy,,
115,explanation,hidden_an_subset,0.5,21.0,easy,,
116,explanation,visible,0.5,21.0,easy,0.0,0.0
116,explanation,hidden,0.5,21.0,easy,0.0,0.0
116,explanation,hidden_an,0.5,21.0,easy,0.0,0.0
116,explanation,hidden_normative_subset,0.5,21.0,easy,,
116,explanation,hidden_an_subset,0.5,21.0,easy,,
117,explanation,visible,0.5,21.0,easy,0.0,0.0
117,explanation,hidden,0.5,21.0,easy,0.0,0.0
117,explanation,hidden_an,0.5,21.0,easy,0.0,0.0
117,explanation,hidden_normative_subset,0.5,21.0,easy,,
117,explanation,hidden_an_subset,0.5,21.0,easy,,
118,explanation,visible,0.5,21.0,easy,0.0,0.0
118,explanation,hidden,0.5,21.0,easy,0.0,0.0
118,explanation,hidden_an,0.5,21.0,easy,0.0,0.0
118,explanation,hidden_normative_subset,0.5,21.0,easy,,
118,explanation,hidden_an_subset,0.5,21.0,easy,,
119,explanation,visible,0.5,21.0,easy,0.0,0.0
119,explanation,hidden,0.5,21.0,easy,0.0,0.0
119,explanation,hidden_an,0.5,21.0,easy,0.0,0.0
119,explanation,hidden_normative_subset,0.5,21.0,easy,,
119,explanation,hidden_an_subset,0.5,21.0,easy,,
120,explanation,visible,0.5,21.0,easy,0.0,0.0
120,explanation,hidden,0.5,21.0,easy,0.0,0.0
120,explanation,hidden_an,0.5,21.0,easy,0.0,0.0
120,explanation,hidden_normative_subset,0.5,21.0,easy,,
120,explanation,hidden_an_subset,0.5,21.0,easy,,
121,explanation,visible,0.5,22.0,hard,0.0,0.0
121,explanation,hidden,0.5,22.0,hard,0.0,0.0
121,explanation,hidden_an,0.5,22.0,hard,0.0,0.0
121,explanation,hidden_normative_subset,0.5,22.0,hard,,
121,explanation,hidden_an_subset,0.5,22.0,hard,,
122,explanation,visible,0.5,22.0,hard,0.0,0.0
122,explanation,hidden,0.5,22.0,hard,0.0,0.0
122,explanation,hidden_an,0.5,22.0,hard,0.0,0.0
122,explanation,hidden_normative_subset,0.5,22.0,hard,,
122,explanation,hidden_an_subset,0.5,22.0,hard,,
123,explanation,visible,0.5,22.0,hard,0.0,0.0
123,explanation,hidden,0.5,22.0,hard,0.0,0.0
123,explanation,hidden_an,0.5,22.0,hard,0.0,0.0
123,explanation,hidden_normative_subset,0.5,22.0,hard,,
123,explanation,hidden_an_subset,0.5,22.0,hard,,
124,explanation,visible,0.5,22.0,hard,0.0,0.0
124,explanation,hidden,0.5,22.0,hard,0.0,0.0
124,explanation,hidden_an,0.5,22.0,hard,0.0,0.0
124,explanation,hidden_normative_subset,0.5,22.0,hard,,
124,explanation,hidden_an_subset,0.5,22.0,hard,,
125,explanation,visible,0.5,22.0,hard,0.0,0.0
125,explanation,hidden,0.5,22.0,hard,0.0,0.0
125,explanation,hidden_an,0.5,22.0,hard,0.0,0.0
125,explanation,hidden_normative_subset,0.5,22.0,hard,,
125,explanation,hidden_an_subset,0.5,22.0,hard,,
126,explanation,visible,0.5,22.0,hard,0.0,0.0
126,explanation,hidden,0.5,22.0,hard,0.0,0.0
126,explanation,hidden_an,0.5,22.0,hard,0.0,0.0
126,explanation,hidden_normative_subset,0.5,22.0,hard,,
126,explanation,hidden_an_subset,0.5,22.0,hard,,
127,explanation,visible,0.5,22.0,hard,0.0,0.0
127,explanation,hidden,0.5,22.0,hard,0.0,0.0
127,explanation,hidden_an,0.5,22.0,hard,0.0,0.0
127,explanation,hidden_normative_subset,0.5,22.0,hard,,
127,explanation,hidden_an_subset,0.5,22.0,hard,,
128,explanation,visible,0.5,22.0,hard,0.0,0.0
128,explanation,hidden,0.5,22.0,hard,0.0,0.0
128,explanation,hidden_an,0.5,22.0,hard,0.0,0.0
128,explanation,hidden_normative_subset,0.5,22.0,hard,,
128,explanation,hidden_an_subset,0.5,22.0,hard,,
129,explanation,visible,0.5,22.0,hard,0.0,0.0
129,explanation,hidden,0.5,22.0,hard,0.0,0.0
129,explanation,hidden_an,0.5,22.0,hard,0.0,0.0
129,explanation,hidden_normative_subset,0.5,22.0,hard,,
129,explanation,hidden_an_subset,0.5,22.0,hard,,
130,explanation,visible,0.5,22.0,hard,0.0,0.0
130,explanation,hidden,0.5,22.0,hard,0.0,0.0
130,explanation,hidden_an,0.5,22.0,hard,0.0,0.0
130,explanation,hidden_normative_subset,0.5,22.0,hard,,
130,explanation,hidden_an_subset,0.5,22.0,hard,,
131,explanation,visible,0.5,22.0,hard,0.0,0.0
131,explanation,hidden,0.5,22.0,hard,0.0,0.0
131,explanation,hidden_an,0.5,22.0,hard,0.0,1.0
131,explanation,hidden_normative_subset,0.5,22.0,hard,,
131,explanation,hidden_an_subset,0.5,22.0,hard,,
132,explanation,visible,0.5,22.0,hard,0.0,0.0
132,explanation,hidden,0.5,22.0,hard,0.0,0.0
132,explanation,hidden_an,0.5,22.0,hard,0.0,0.0
132,explanation,hidden_normative_subset,0.5,22.0,hard,,
132,explanation,hidden_an_subset,0.5,22.0,hard,,
133,explanation,visible,0.5,22.0,hard,0.0,0.0
133,explanation,hidden,0.5,22.0,hard,0.0,0.0
133,explanation,hidden_an,0.5,22.0,hard,0.0,0.0
133,explanation,hidden_normative_subset,0.5,22.0,hard,,
133,explanation,hidden_an_subset,0.5,22.0,hard,,
134,explanation,visible,0.5,22.0,hard,0.0,0.0
134,explanation,hidden,0.5,22.0,hard,0.0,0.0
134,explanation,hidden_an,0.5,22.0,hard,0.0,0.0
134,explanation,hidden_normative_subset,0.5,22.0,hard,,
134,explanation,hidden_an_subset,0.5,22.0,hard,,
135,explanation,visible,0.5,22.0,hard,0.0,0.0
135,explanation,hidden,0.5,22.0,hard,0.0,0.0
135,explanation,hidden_an,0.5,22.0,hard,0.0,0.0
135,explanation,hidden_normative_subset,0.5,22.0,hard,,
135,explanation,hidden_an_subset,0.5,22.0,hard,,
136,explanation,visible,0.5,22.0,hard,0.0,0.0
136,explanation,hidden,0.5,22.0,hard,0.0,0.0
136,explanation,hidden_an,0.5,22.0,hard,0.0,0.0
136,explanation,hidden_normative_subset,0.5,22.0,hard,,
136,explanation,hidden_an_subset,0.5,22.0,hard,,
137,explanation,visible,0.5,22.0,hard,0.0,0.0
137,explanation,hidden,0.5,22.0,hard,0.0,0.0
137,explanation,hidden_an,0.5,22.0,hard,0.0,0.0
137,explanation,hidden_normative_subset,0.5,22.0,hard,,
137,explanation,hidden_an_subset,0.5,22.0,hard,,
138,explanation,visible,0.5,22.0,hard,0.0,0.0
138,explanation,hidden,0.5,22.0,hard,0.0,0.0
138,explanation,hidden_an,0.5,22.0,hard,0.0,0.0
138,explanation,hidden_normative_subset,0.5,22.0,hard,,
138,explanation,hidden_an_subset,0.5,22.0,hard,,
139,explanation,visible,0.5,22.0,hard,0.0,0.0
139,explanation,hidden,0.5,22.0,hard,0.0,0.0
139,explanation,hidden_an,0.5,22.0,hard,0.0,0.0
139,explanation,hidden_normative_subset,0.5,22.0,hard,,
139,explanation,hidden_an_subset,0.5,22.0,hard,,
140,explanation,visible,0.5,22.0,hard,0.0,0.0
140,explanation,hidden,0.5,22.0,hard,0.0,0.0
140,explanation,hidden_an,0.5,22.0,hard,0.0,0.0
140,explanation,hidden_normative_subset,0.5,22.0,hard,,
140,explanation,hidden_an_subset,0.5,22.0,hard,,
141,explanation,visible,0.5,22.0,hard,0.0,0.0
141,explanation,hidden,0.5,22.0,hard,0.0,0.0
141,explanation,hidden_an,0.5,22.0,hard,0.0,1.0
141,explanation,hidden_normative_subset,0.5,22.0,hard,,
141,explanation,hidden_an_subset,0.5,22.0,hard,,
142,explanation,visible,0.5,22.0,hard,0.0,0.0
142,explanation,hidden,0.5,22.0,hard,0.0,0.0
142,explanation,hidden_an,0.5,22.0,hard,0.0,0.0
142,explanation,hidden_normative_subset,0.5,22.0,hard,,
142,explanation,hidden_an_subset,0.5,22.0,hard,,
143,explanation,visible,0.5,22.0,hard,0.0,0.0
143,explanation,hidden,0.5,22.0,hard,0.0,0.0
143,explanation,hidden_an,0.5,22.0,hard,0.0,0.0
143,explanation,hidden_normative_subset,0.5,22.0,hard,,
143,explanation,hidden_an_subset,0.5,22.0,hard,,
144,explanation,visible,0.5,22.0,hard,0.0,0.0
144,explanation,hidden,0.5,22.0,hard,0.0,0.0
144,explanation,hidden_an,0.5,22.0,hard,0.0,1.0
144,explanation,hidden_normative_subset,0.5,22.0,hard,,
144,explanation,hidden_an_subset,0.5,22.0,hard,,
145,explanation,visible,0.5,22.0,hard,0.0,0.0
145,explanation,hidden,0.5,22.0,hard,0.0,0.0
145,explanation,hidden_an,0.5,22.0,hard,0.0,0.0
145,explanation,hidden_normative_subset,0.5,22.0,hard,,
145,explanation,hidden_an_subset,0.5,22.0,hard,,
146,explanation,visible,0.5,22.0,hard,0.0,0.0
146,explanation,hidden,0.5,22.0,hard,0.0,0.0
146,explanation,hidden_an,0.5,22.0,hard,0.0,0.0
146,explanation,hidden_normative_subset,0.5,22.0,hard,,
146,explanation,hidden_an_subset,0.5,22.0,hard,,
147,explanation,visible,0.5,22.0,hard,0.0,0.0
147,explanation,hidden,0.5,22.0,hard,0.0,0.0
147,explanation,hidden_an,0.5,22.0,hard,0.0,0.0
147,explanation,hidden_normative_subset,0.5,22.0,hard,,
147,explanation,hidden_an_subset,0.5,22.0,hard,,
148,explanation,visible,0.5,22.0,hard,0.0,0.0
148,explanation,hidden,0.5,22.0,hard,0.0,0.0
148,explanation,hidden_an,0.5,22.0,hard,0.0,0.0
148,explanation,hidden_normative_subset,0.5,22.0,hard,,
148,explanation,hidden_an_subset,0.5,22.0,hard,,
149,explanation,visible,0.5,22.0,hard,0.0,0.0
149,explanation,hidden,0.5,22.0,hard,0.0,0.0
149,explanation,hidden_an,0.5,22.0,hard,0.0,0.0
149,explanation,hidden_normative_subset,0.5,22.0,hard,,
149,explanation,hidden_an_subset,0.5,22.0,hard,,
150,explanation,visible,0.5,22.0,hard,0.0,0.0
150,explanation,hidden,0.5,22.0,hard,0.0,0.0
150,explanation,hidden_an,0.5,22.0,hard,0.0,0.0
150,explanation,hidden_normative_subset,0.5,22.0,hard,,
150,explanation,hidden_an_subset,0.5,22.0,hard,,
151,explanation,visible,0.5,22.0,hard,0.0,0.0
151,explanation,hidden,0.5,22.0,hard,0.0,0.0
151,explanation,hidden_an,0.5,22.0,hard,0.0,0.0
151,explanation,hidden_normative_subset,0.5,22.0,hard,,
151,explanation,hidden_an_subset,0.5,22.0,hard,,
152,explanation,visible,0.5,22.0,hard,0.0,0.0
152,explanation,hidden,0.5,22.0,hard,0.0,0.0
152,explanation,hidden_an,0.5,22.0,hard,0.0,0.0
152,explanation,hidden_normative_subset,0.5,22.0,hard,,
152,explanation,hidden_an_subset,0.5,22.0,hard,,
153,explanation,visible,0.5,22.0,hard,0.0,0.0
153,explanation,hidden,0.5,22.0,hard,0.0,0.0
153,explanation,hidden_an,0.5,22.0,hard,0.0,0.0
153,explanation,hidden_normative_subset,0.5,22.0,hard,,
153,explanation,hidden_an_subset,0.5,22.0,hard,,
154,explanation,visible,0.5,22.0,hard,0.0,0.0
154,explanation,hidden,0.5,22.0,hard,0.0,0.0
154,explanation,hidden_an,0.5,22.0,hard,0.0,0.0
154,explanation,hidden_normative_subset,0.5,22.0,hard,,
154,explanation,hidden_an_subset,0.5,22.0,hard,,
155,explanation,visible,0.5,22.0,hard,0.0,0.0
155,explanation,hidden,0.5,22.0,hard,0.0,0.0
155,explanation,hidden_an,0.5,22.0,hard,0.0,0.0
155,explanation,hidden_normative_subset,0.5,22.0,hard,,
155,explanation,hidden_an_subset,0.5,22.0,hard,,
156,explanation,visible,0.5,22.0,hard,0.0,0.0
156,explanation,hidden,0.5,22.0,hard,0.0,0.0
156,explanation,hidden_an,0.5,22.0,hard,0.0,0.0
156,explanation,hidden_normative_subset,0.5,22.0,hard,,
156,explanation,hidden_an_subset,0.5,22.0,hard,,
157,explanation,visible,0.5,22.0,hard,0.0,0.0
157,explanation,hidden,0.5,22.0,hard,0.0,0.0
157,explanation,hidden_an,0.5,22.0,hard,0.0,1.0
157,explanation,hidden_normative_subset,0.5,22.0,hard,,
157,explanation,hidden_an_subset,0.5,22.0,hard,,
158,explanation,visible,0.5,22.0,hard,0.0,0.0
158,explanation,hidden,0.5,22.0,hard,0.0,0.0
158,explanation,hidden_an,0.5,22.0,hard,0.0,0.0
158,explanation,hidden_normative_subset,0.5,22.0,hard,,
158,explanation,hidden_an_subset,0.5,22.0,hard,,
159,explanation,visible,0.5,22.0,hard,0.0,0.0
159,explanation,hidden,0.5,22.0,hard,0.0,0.0
159,explanation,hidden_an,0.5,22.0,hard,0.0,0.0
159,explanation,hidden_normative_subset,0.5,22.0,hard,,
159,explanation,hidden_an_subset,0.5,22.0,hard,,
160,explanation,visible,0.5,22.0,hard,0.0,0.0
160,explanation,hidden,0.5,22.0,hard,0.0,0.0
160,explanation,hidden_an,0.5,22.0,hard,0.0,1.0
160,explanation,hidden_normative_subset,0.5,22.0,hard,,
160,explanation,hidden_an_subset,0.5,22.0,hard,,
161,explanation,visible,0.5,22.0,hard,0.0,0.0
161,explanation,hidden,0.5,22.0,hard,0.0,0.0
161,explanation,hidden_an,0.5,22.0,hard,0.0,0.0
161,explanation,hidden_normative_subset,0.5,22.0,hard,,
161,explanation,hidden_an_subset,0.5,22.0,hard,,
162,explanation,visible,0.5,22.0,hard,0.0,0.0
162,explanation,hidden,0.5,22.0,hard,0.0,0.0
162,explanation,hidden_an,0.5,22.0,hard,0.0,0.0
162,explanation,hidden_normative_subset,0.5,22.0,hard,,
162,explanation,hidden_an_subset,0.5,22.0,hard,,
163,explanation,visible,0.5,22.0,hard,0.0,0.0
163,explanation,hidden,0.5,22.0,hard,0.0,0.0
163,explanation,hidden_an,0.5,22.0,hard,0.0,0.0
163,explanation,hidden_normative_subset,0.5,22.0,hard,,
163,explanation,hidden_an_subset,0.5,22.0,hard,,
164,explanation,visible,0.5,22.0,hard,0.0,0.0
164,explanation,hidden,0.5,22.0,hard,0.0,0.0
164,explanation,hidden_an,0.5,22.0,hard,0.0,0.0
164,explanation,hidden_normative_subset,0.5,22.0,hard,,
164,explanation,hidden_an_subset,0.5,22.0,hard,,
165,explanation,visible,0.5,22.0,hard,0.0,0.0
165,explanation,hidden,0.5,22.0,hard,0.0,0.0
165,explanation,hidden_an,0.5,22.0,hard,0.0,0.0
165,explanation,hidden_normative_subset,0.5,22.0,hard,,
165,explanation,hidden_an_subset,0.5,22.0,hard,,
166,explanation,visible,0.5,22.0,hard,0.0,0.0
166,explanation,hidden,0.5,22.0,hard,0.0,0.0
166,explanation,hidden_an,0.5,22.0,hard,0.0,0.0
166,explanation,hidden_normative_subset,0.5,22.0,hard,,
166,explanation,hidden_an_subset,0.5,22.0,hard,,
167,explanation,visible,0.5,22.0,hard,0.0,0.0
167,explanation,hidden,0.5,22.0,hard,0.0,0.0
167,explanation,hidden_an,0.5,22.0,hard,0.0,0.0
167,explanation,hidden_normative_subset,0.5,22.0,hard,,
167,explanation,hidden_an_subset,0.5,22.0,hard,,
168,explanation,visible,0.5,22.0,hard,0.0,0.0
168,explanation,hidden,0.5,22.0,hard,0.0,0.0
168,explanation,hidden_an,0.5,22.0,hard,0.0,0.0
168,explanation,hidden_normative_subset,0.5,22.0,hard,,
168,explanation,hidden_an_subset,0.5,22.0,hard,,
169,explanation,visible,0.5,22.0,hard,0.0,0.0
169,explanation,hidden,0.5,22.0,hard,0.0,0.0
169,explanation,hidden_an,0.5,22.0,hard,0.0,0.0
169,explanation,hidden_normative_subset,0.5,22.0,hard,,
169,explanation,hidden_an_subset,0.5,22.0,hard,,
170,explanation,visible,0.5,22.0,hard,0.0,0.0
170,explanation,hidden,0.5,22.0,hard,0.0,0.0
170,explanation,hidden_an,0.5,22.0,hard,0.0,0.0
170,explanation,hidden_normative_subset,0.5,22.0,hard,,
170,explanation,hidden_an_subset,0.5,22.0,hard,,
171,explanation,visible,0.5,22.0,hard,0.0,0.0
171,explanation,hidden,0.5,22.0,hard,0.0,0.0
171,explanation,hidden_an,0.5,22.0,hard,0.0,0.0
171,explanation,hidden_normative_subset,0.5,22.0,hard,,
171,explanation,hidden_an_subset,0.5,22.0,hard,,
172,explanation,visible,0.5,22.0,hard,0.0,0.0
172,explanation,hidden,0.5,22.0,hard,0.0,0.0
172,explanation,hidden_an,0.5,22.0,hard,0.0,0.0
172,explanation,hidden_normative_subset,0.5,22.0,hard,,
172,explanation,hidden_an_subset,0.5,22.0,hard,,
173,explanation,visible,0.5,22.0,hard,0.0,0.0
173,explanation,hidden,0.5,22.0,hard,0.0,0.0
173,explanation,hidden_an,0.5,22.0,hard,0.0,0.0
173,explanation,hidden_normative_subset,0.5,22.0,hard,,
173,explanation,hidden_an_subset,0.5,22.0,hard,,
174,explanation,visible,0.5,22.0,hard,0.0,0.0
174,explanation,hidden,0.5,22.0,hard,0.0,0.0
174,explanation,hidden_an,0.5,22.0,hard,0.0,0.0
174,explanation,hidden_normative_subset,0.5,22.0,hard,,
174,explanation,hidden_an_subset,0.5,22.0,hard,,
175,explanation,visible,0.5,22.0,hard,0.0,0.0
175,explanation,hidden,0.5,22.0,hard,0.0,0.0
175,explanation,hidden_an,0.5,22.0,hard,0.0,0.0
175,explanation,hidden_normative_subset,0.5,22.0,hard,,
175,explanation,hidden_an_subset,0.5,22.0,hard,,
176,explanation,visible,0.5,22.0,hard,0.0,0.0
176,explanation,hidden,0.5,22.0,hard,0.0,0.0
176,explanation,hidden_an,0.5,22.0,hard,0.0,0.0
176,explanation,hidden_normative_subset,0.5,22.0,hard,,
176,explanation,hidden_an_subset,0.5,22.0,hard,,
177,explanation,visible,0.5,22.0,hard,0.0,0.0
177,explanation,hidden,0.5,22.0,hard,0.0,0.0
177,explanation,hidden_an,0.5,22.0,hard,0.0,0.0
177,explanation,hidden_normative_subset,0.5,22.0,hard,,
177,explanation,hidden_an_subset,0.5,22.0,hard,,
178,explanation,visible,0.5,22.0,hard,0.0,0.0
178,explanation,hidden,0.5,22.0,hard,0.0,0.0
178,explanation,hidden_an,0.5,22.0,hard,0.0,0.0
178,explanation,hidden_normative_subset,0.5,22.0,hard,,
178,explanation,hidden_an_subset,0.5,22.0,hard,,
179,explanation,visible,0.5,22.0,hard,0.0,0.0
179,explanation,hidden,0.5,22.0,hard,0.0,0.0
179,explanation,hidden_an,0.5,22.0,hard,0.0,0.0
179,explanation,hidden_normative_subset,0.5,22.0,hard,,
179,explanation,hidden_an_subset,0.5,22.0,hard,,
180,explanation,visible,0.5,22.0,hard,0.0,0.0
180,explanation,hidden,0.5,22.0,hard,0.0,0.0
180,explanation,hidden_an,0.5,22.0,hard,0.0,0.0
180,explanation,hidden_normative_subset,0.5,22.0,hard,,
180,explanation,hidden_an_subset,0.5,22.0,hard,,
181,explanation,visible,0.5,22.0,hard,0.0,0.0
181,explanation,hidden,0.5,22.0,hard,0.0,0.0
181,explanation,hidden_an,0.5,22.0,hard,0.0,0.0
181,explanation,hidden_normative_subset,0.5,22.0,hard,,
181,explanation,hidden_an_subset,0.5,22.0,hard,,
182,explanation,visible,0.5,22.0,hard,0.0,0.0
182,explanation,hidden,0.5,22.0,hard,0.0,0.0
182,explanation,hidden_an,0.5,22.0,hard,0.0,0.0
182,explanation,hidden_normative_subset,0.5,22.0,hard,,
182,explanation,hidden_an_subset,0.5,22.0,hard,,
183,explanation,visible,0.5,22.0,hard,0.0,0.0
183,explanation,hidden,0.5,22.0,hard,0.0,0.0
183,explanation,hidden_an,0.5,22.0,hard,0.0,0.0
183,explanation,hidden_normative_subset,0.5,22.0,hard,,
183,explanation,hidden_an_subset,0.5,22.0,hard,,
184,explanation,visible,0.5,22.0,hard,0.0,0.0
184,explanation,hidden,0.5,22.0,hard,0.0,0.0
184,explanation,hidden_an,0.5,22.0,hard,0.0,0.0
184,explanation,hidden_normative_subset,0.5,22.0,hard,,
184,explanation,hidden_an_subset,0.5,22.0,hard,,
185,explanation,visible,0.5,22.0,hard,0.0,0.0
185,explanation,hidden,0.5,22.0,hard,0.0,0.0
185,explanation,hidden_an,0.5,22.0,hard,0.0,0.0
185,explanation,hidden_normative_subset,0.5,22.0,hard,,
185,explanation,hidden_an_subset,0.5,22.0,hard,,
186,explanation,visible,0.5,22.0,hard,0.0,0.0
186,explanation,hidden,0.5,22.0,hard,0.0,0.0
186,explanation,hidden_an,0.5,22.0,hard,0.0,0.0
186,explanation,hidden_normative_subset,0.5,22.0,hard,,
186,explanation,hidden_an_subset,0.5,22.0,hard,,
187,explanation,visible,0.5,22.0,hard,0.0,0.0
187,explanation,hidden,0.5,22.0,hard,0.0,0.0
187,explanation,hidden_an,0.5,22.0,hard,0.0,0.0
187,explanation,hidden_normative_subset,0.5,22.0,hard,,
187,explanation,hidden_an_subset,0.5,22.0,hard,,
188,explanation,visible,0.5,22.0,hard,0.0,0.0
188,explanation,hidden,0.5,22.0,hard,0.0,0.0
188,explanation,hidden_an,0.5,22.0,hard,0.0,0.0
188,explanation,hidden_normative_subset,0.5,22.0,hard,,
188,explanation,hidden_an_subset,0.5,22.0,hard,,
189,explanation,visible,0.5,22.0,hard,0.0,0.0
189,explanation,hidden,0.5,22.0,hard,0.0,0.0
189,explanation,hidden_an,0.5,22.0,hard,0.0,0.0
189,explanation,hidden_normative_subset,0.5,22.0,hard,,
189,explanation,hidden_an_subset,0.5,22.0,hard,,
190,explanation,visible,0.5,22.0,hard,0.0,0.0
190,explanation,hidden,0.5,22.0,hard,0.0,0.0
190,explanation,hidden_an,0.5,22.0,hard,0.0,0.0
190,explanation,hidden_normative_subset,0.5,22.0,hard,,
190,explanation,hidden_an_subset,0.5,22.0,hard,,
191,explanation,visible,0.5,22.0,hard,0.0,0.0
191,explanation,hidden,0.5,22.0,hard,0.0,0.0
191,explanation,hidden_an,0.5,22.0,hard,0.0,0.0
191,explanation,hidden_normative_subset,0.5,22.0,hard,,
191,explanation,hidden_an_subset,0.5,22.0,hard,,
192,explanation,visible,0.5,22.0,hard,0.0,0.0
192,explanation,hidden,0.5,22.0,hard,0.0,0.0
192,explanation,hidden_an,0.5,22.0,hard,0.0,2.0
192,explanation,hidden_normative_subset,0.5,22.0,hard,,
192,explanation,hidden_an_subset,0.5,22.0,hard,,
193,explanation,visible,0.5,22.0,hard,0.0,0.0
193,explanation,hidden,0.5,22.0,hard,0.0,0.0
193,explanation,hidden_an,0.5,22.0,hard,0.0,0.0
193,explanation,hidden_normative_subset,0.5,22.0,hard,,
193,explanation,hidden_an_subset,0.5,22.0,hard,,
194,explanation,visible,0.5,22.0,hard,0.0,0.0
194,explanation,hidden,0.5,22.0,hard,0.0,0.0
194,explanation,hidden_an,0.5,22.0,hard,0.0,0.0
194,explanation,hidden_normative_subset,0.5,22.0,hard,,
194,explanation,hidden_an_subset,0.5,22.0,hard,,
195,explanation,visible,0.5,22.0,hard,0.0,0.0
195,explanation,hidden,0.5,22.0,hard,0.0,0.0
195,explanation,hidden_an,0.5,22.0,hard,0.0,0.0
195,explanation,hidden_normative_subset,0.5,22.0,hard,,
195,explanation,hidden_an_subset,0.5,22.0,hard,,
196,explanation,visible,0.5,22.0,hard,0.0,0.0
196,explanation,hidden,0.5,22.0,hard,0.0,0.0
196,explanation,hidden_an,0.5,22.0,hard,0.0,0.0
196,explanation,hidden_normative_subset,0.5,22.0,hard,,
196,explanation,hidden_an_subset,0.5,22.0,hard,,
197,explanation,visible,0.5,22.0,hard,0.0,0.0
197,explanation,hidden,0.5,22.0,hard,0.0,0.0
197,explanation,hidden_an,0.5,22.0,hard,0.0,0.0
197,explanation,hidden_normative_subset,0.5,22.0,hard,,
197,explanation,hidden_an_subset,0.5,22.0,hard,,
198,explanation,visible,0.5,22.0,hard,0.0,0.0
198,explanation,hidden,0.5,22.0,hard,0.0,0.0
198,explanation,hidden_an,0.5,22.0,hard,0.0,0.0
198,explanation,hidden_normative_subset,0.5,22.0,hard,,
198,explanation,hidden_an_subset,0.5,22.0,hard,,
199,explanation,visible,0.5,22.0,hard,0.0,0.0
199,explanation,hidden,0.5,22.0,hard,0.0,0.0
199,explanation,hidden_an,0.5,22.0,hard,0.0,0.0
199,explanation,hidden_normative_subset,0.5,22.0,hard,,
199,explanation,hidden_an_subset,0.5,22.0,hard,,
200,explanation,visible,0.5,22.0,hard,0.0,0.0
200,explanation,hidden,0.5,22.0,hard,0.0,0.0
200,explanation,hidden_an,0.5,22.0,hard,0.0,1.0
200,explanation,hidden_normative_subset,0.5,22.0,hard,,
200,explanation,hidden_an_subset,0.5,22.0,hard,,
201,explanation,visible,0.5,22.0,hard,0.0,0.0
201,explanation,hidden,0.5,22.0,hard,0.0,0.0
201,explanation,hidden_an,0.5,22.0,hard,0.0,0.0
201,explanation,hidden_normative_subset,0.5,22.0,hard,,
201,explanation,hidden_an_subset,0.5,22.0,hard,,
202,explanation,visible,0.5,22.0,hard,0.0,0.0
202,explanation,hidden,0.5,22.0,hard,0.0,0.0
202,explanation,hidden_an,0.5,22.0,hard,0.0,0.0
202,explanation,hidden_normative_subset,0.5,22.0,hard,,
202,explanation,hidden_an_subset,0.5,22.0,hard,,
203,explanation,visible,0.5,22.0,hard,0.0,0.0
203,explanation,hidden,0.5,22.0,hard,0.0,0.0
203,explanation,hidden_an,0.5,22.0,hard,0.0,0.0
203,explanation,hidden_normative_subset,0.5,22.0,hard,,
203,explanation,hidden_an_subset,0.5,22.0,hard,,
204,explanation,visible,0.5,22.0,hard,0.0,0.0
204,explanation,hidden,0.5,22.0,hard,0.0,0.0
204,explanation,hidden_an,0.5,22.0,hard,0.0,1.0
204,explanation,hidden_normative_subset,0.5,22.0,hard,,
204,explanation,hidden_an_subset,0.5,22.0,hard,,
205,explanation,visible,0.5,22.0,hard,0.0,0.0
205,explanation,hidden,0.5,22.0,hard,0.0,0.0
205,explanation,hidden_an,0.5,22.0,hard,0.0,0.0
205,explanation,hidden_normative_subset,0.5,22.0,hard,,
205,explanation,hidden_an_subset,0.5,22.0,hard,,
206,explanation,visible,0.5,22.0,hard,0.0,0.0
206,explanation,hidden,0.5,22.0,hard,0.0,0.0
206,explanation,hidden_an,0.5,22.0,hard,0.0,0.0
206,explanation,hidden_normative_subset,0.5,22.0,hard,,
206,explanation,hidden_an_subset,0.5,22.0,hard,,
207,explanation,visible,0.5,22.0,hard,0.0,0.0
207,explanation,hidden,0.5,22.0,hard,0.0,0.0
207,explanation,hidden_an,0.5,22.0,hard,0.0,0.0
207,explanation,hidden_normative_subset,0.5,22.0,hard,,
207,explanation,hidden_an_subset,0.5,22.0,hard,,
208,explanation,visible,0.5,22.0,hard,0.0,0.0
208,explanation,hidden,0.5,22.0,hard,0.0,0.0
208,explanation,hidden_an,0.5,22.0,hard,0.0,1.0
208,explanation,hidden_normative_subset,0.5,22.0,hard,,
208,explanation,hidden_an_subset,0.5,22.0,hard,,
209,explanation,visible,0.5,22.0,hard,0.0,0.0
209,explanation,hidden,0.5,22.0,hard,0.0,0.0
209,explanation,hidden_an,0.5,22.0,hard,0.0,0.0
209,explanation,hidden_normative_subset,0.5,22.0,hard,,
209,explanation,hidden_an_subset,0.5,22.0,hard,,
210,explanation,visible,0.5,22.0,hard,0.0,0.0
210,explanation,hidden,0.5,22.0,hard,0.0,0.0
210,explanation,hidden_an,0.5,22.0,hard,0.0,0.0
210,explanation,hidden_normative_subset,0.5,22.0,hard,,
210,explanation,hidden_an_subset,0.5,22.0,hard,,
211,explanation,visible,0.5,22.0,hard,0.0,0.0
211,explanation,hidden,0.5,22.0,hard,0.0,0.0
211,explanation,hidden_an,0.5,22.0,hard,0.0,0.0
211,explanation,hidden_normative_subset,0.5,22.0,hard,,
211,explanation,hidden_an_subset,0.5,22.0,hard,,
212,explanation,visible,0.5,22.0,hard,0.0,0.0
212,explanation,hidden,0.5,22.0,hard,0.0,0.0
212,explanation,hidden_an,0.5,22.0,hard,0.0,0.0
212,explanation,hidden_normative_subset,0.5,22.0,hard,,
212,explanation,hidden_an_subset,0.5,22.0,hard,,
213,explanation,visible,0.5,22.0,hard,0.0,0.0
213,explanation,hidden,0.5,22.0,hard,0.0,0.0
213,explanation,hidden_an,0.5,22.0,hard,0.0,1.0
213,explanation,hidden_normative_subset,0.5,22.0,hard,,
213,explanation,hidden_an_subset,0.5,22.0,hard,,
214,explanation,visible,0.5,22.0,hard,0.0,0.0
214,explanation,hidden,0.5,22.0,hard,0.0,0.0
214,explanation,hidden_an,0.5,22.0,hard,0.0,0.0
214,explanation,hidden_normative_subset,0.5,22.0,hard,,
214,explanation,hidden_an_subset,0.5,22.0,hard,,
215,explanation,visible,0.5,22.0,hard,0.0,0.0
215,explanation,hidden,0.5,22.0,hard,0.0,0.0
215,explanation,hidden_an,0.5,22.0,hard,0.0,0.0
215,explanation,hidden_normative_subset,0.5,22.0,hard,,
215,explanation,hidden_an_subset,0.5,22.0,hard,,
216,explanation,visible,0.5,22.0,hard,0.0,0.0
216,explanation,hidden,0.5,22.0,hard,0.0,0.0
216,explanation,hidden_an,0.5,22.0,hard,0.0,0.0
216,explanation,hidden_normative_subset,0.5,22.0,hard,,
216,explanation,hidden_an_subset,0.5,22.0,hard,,
217,explanation,visible,0.5,22.0,hard,0.0,0.0
217,explanation,hidden,0.5,22.0,hard,0.0,0.0
217,explanation,hidden_an,0.5,22.0,hard,0.0,0.0
217,explanation,hidden_normative_subset,0.5,22.0,hard,,
217,explanation,hidden_an_subset,0.5,22.0,hard,,
218,explanation,visible,0.5,22.0,hard,0.0,0.0
218,explanation,hidden,0.5,22.0,hard,0.0,0.0
218,explanation,hidden_an,0.5,22.0,hard,0.0,0.0
218,explanation,hidden_normative_subset,0.5,22.0,hard,,
218,explanation,hidden_an_subset,0.5,22.0,hard,,
219,explanation,visible,0.5,22.0,hard,0.0,0.0
219,explanation,hidden,0.5,22.0,hard,0.0,0.0
219,explanation,hidden_an,0.5,22.0,hard,0.0,1.0
219,explanation,hidden_normative_subset,0.5,22.0,hard,,
219,explanation,hidden_an_subset,0.5,22.0,hard,,
220,explanation,visible,0.5,22.0,hard,0.0,0.0
220,explanation,hidden,0.5,22.0,hard,0.0,0.0
220,explanation,hidden_an,0.5,22.0,hard,0.0,0.0
220,explanation,hidden_normative_subset,0.5,22.0,hard,,
220,explanation,hidden_an_subset,0.5,22.0,hard,,
221,explanation,visible,0.5,22.0,hard,0.0,0.0
221,explanation,hidden,0.5,22.0,hard,0.0,0.0
221,explanation,hidden_an,0.5,22.0,hard,0.0,0.0
221,explanation,hidden_normative_subset,0.5,22.0,hard,,
221,explanation,hidden_an_subset,0.5,22.0,hard,,
222,explanation,visible,0.5,22.0,hard,0.0,0.0
222,explanation,hidden,0.5,22.0,hard,0.0,0.0
222,explanation,hidden_an,0.5,22.0,hard,0.0,0.0
222,explanation,hidden_normative_subset,0.5,22.0,hard,,
222,explanation,hidden_an_subset,0.5,22.0,hard,,
223,explanation,visible,0.5,22.0,hard,0.0,0.0
223,explanation,hidden,0.5,22.0,hard,0.0,0.0
223,explanation,hidden_an,0.5,22.0,hard,0.0,0.0
223,explanation,hidden_normative_subset,0.5,22.0,hard,,
223,explanation,hidden_an_subset,0.5,22.0,hard,,
224,explanation,visible,0.5,22.0,hard,0.0,0.0
224,explanation,hidden,0.5,22.0,hard,0.0,0.0
224,explanation,hidden_an,0.5,22.0,hard,0.0,0.0
224,explanation,hidden_normative_subset,0.5,22.0,hard,,
224,explanation,hidden_an_subset,0.5,22.0,hard,,
225,explanation,visible,0.5,22.0,hard,0.0,0.0
225,explanation,hidden,0.5,22.0,hard,0.0,0.0
225,explanation,hidden_an,0.5,22.0,hard,0.0,0.0
225,explanation,hidden_normative_subset,0.5,22.0,hard,,
225,explanation,hidden_an_subset,0.5,22.0,hard,,
226,explanation,visible,0.5,22.0,hard,0.0,0.0
226,explanation,hidden,0.5,22.0,hard,0.0,0.0
226,explanation,hidden_an,0.5,22.0,hard,0.0,0.0
226,explanation,hidden_normative_subset,0.5,22.0,hard,,
226,explanation,hidden_an_subset,0.5,22.0,hard,,
227,explanation,visible,0.5,22.0,hard,0.0,0.0
227,explanation,hidden,0.5,22.0,hard,0.0,0.0
227,explanation,hidden_an,0.5,22.0,hard,0.0,0.0
227,explanation,hidden_normative_subset,0.5,22.0,hard,,
227,explanation,hidden_an_subset,0.5,22.0,hard,,
228,explanation,visible,0.5,22.0,hard,0.0,0.0
228,explanation,hidden,0.5,22.0,hard,0.0,0.0
228,explanation,hidden_an,0.5,22.0,hard,0.0,0.0
228,explanation,hidden_normative_subset,0.5,22.0,hard,,
228,explanation,hidden_an_subset,0.5,22.0,hard,,
229,explanation,visible,0.5,22.0,hard,0.0,0.0
229,explanation,hidden,0.5,22.0,hard,0.0,0.0
229,explanation,hidden_an,0.5,22.0,hard,0.0,0.0
229,explanation,hidden_normative_subset,0.5,22.0,hard,,
229,explanation,hidden_an_subset,0.5,22.0,hard,,
230,explanation,visible,0.5,22.0,hard,0.0,0.0
230,explanation,hidden,0.5,22.0,hard,0.0,0.0
230,explanation,hidden_an,0.5,22.0,hard,0.0,0.0
230,explanation,hidden_normative_subset,0.5,22.0,hard,,
230,explanation,hidden_an_subset,0.5,22.0,hard,,
231,explanation,visible,0.5,22.0,hard,0.0,0.0
231,explanation,hidden,0.5,22.0,hard,0.0,0.0
231,explanation,hidden_an,0.5,22.0,hard,0.0,0.0
231,explanation,hidden_normative_subset,0.5,22.0,hard,,
231,explanation,hidden_an_subset,0.5,22.0,hard,,
232,explanation,visible,0.5,22.0,hard,0.0,0.0
232,explanation,hidden,0.5,22.0,hard,0.0,0.0
232,explanation,hidden_an,0.5,22.0,hard,0.0,0.0
232,explanation,hidden_normative_subset,0.5,22.0,hard,,
232,explanation,hidden_an_subset,0.5,22.0,hard,,
233,explanation,visible,0.5,22.0,hard,0.0,0.0
233,explanation,hidden,0.5,22.0,hard,0.0,0.0
233,explanation,hidden_an,0.5,22.0,hard,0.0,0.0
233,explanation,hidden_normative_subset,0.5,22.0,hard,,
233,explanation,hidden_an_subset,0.5,22.0,hard,,
234,explanation,visible,0.5,22.0,hard,0.0,0.0
234,explanation,hidden,0.5,22.0,hard,0.0,0.0
234,explanation,hidden_an,0.5,22.0,hard,0.0,1.0
234,explanation,hidden_normative_subset,0.5,22.0,hard,,
234,explanation,hidden_an_subset,0.5,22.0,hard,,
235,explanation,visible,0.5,22.0,hard,0.0,0.0
235,explanation,hidden,0.5,22.0,hard,0.0,0.0
235,explanation,hidden_an,0.5,22.0,hard,0.0,0.0
235,explanation,hidden_normative_subset,0.5,22.0,hard,,
235,explanation,hidden_an_subset,0.5,22.0,hard,,
236,explanation,visible,0.5,22.0,hard,0.0,0.0
236,explanation,hidden,0.5,22.0,hard,0.0,0.0
236,explanation,hidden_an,0.5,22.0,hard,0.0,0.0
236,explanation,hidden_normative_subset,0.5,22.0,hard,,
236,explanation,hidden_an_subset,0.5,22.0,hard,,
237,explanation,visible,0.5,22.0,hard,0.0,0.0
237,explanation,hidden,0.5,22.0,hard,0.0,0.0
237,explanation,hidden_an,0.5,22.0,hard,0.0,0.0
237,explanation,hidden_normative_subset,0.5,22.0,hard,,
237,explanation,hidden_an_subset,0.5,22.0,hard,,
238,explanation,visible,0.5,22.0,hard,0.0,0.0
238,explanation,hidden,0.5,22.0,hard,0.0,0.0
238,explanation,hidden_an,0.5,22.0,hard,0.0,0.0
238,explanation,hidden_normative_subset,0.5,22.0,hard,,
238,explanation,hidden_an_subset,0.5,22.0,hard,,
239,explanation,visible,0.5,22.0,hard,0.0,0.0
239,explanation,hidden,0.5,22.0,hard,0.0,0.0
239,explanation,hidden_an,0.5,22.0,hard,0.0,0.0
239,explanation,hidden_normative_subset,0.5,22.0,hard,,
239,explanation,hidden_an_subset,0.5,22.0,hard,,
240,explanation,visible,0.5,22.0,hard,0.0,0.0
240,explanation,hidden,0.5,22.0,hard,0.0,0.0
240,explanation,hidden_an,0.5,22.0,hard,0.0,0.0
240,explanation,hidden_normative_subset,0.5,22.0,hard,,
240,explanation,hidden_an_subset,0.5,22.0,hard,,
