Completed at,Time taken,Total approvals,Fluent languages,Vision,Age,Sex,Ethnicity simplified,Country of birth,Country of residence,Nationality,Language,Student status,Employment status,filename,participant_id
2023-03-23T15:53:59.809000Z,508,10,"Spanish, English",Yes,31,Male,Mixed,United States,United States,Dominican Republic,Spanish,Yes,Full-Time,an-exp2-explanation-easy.csv,1
2023-03-23T16:00:32.906000Z,493,112,English,Yes,21,Female,Mixed,United States,United States,United States,English,Yes,Other,an-exp2-explanation-easy.csv,2
2023-03-23T16:06:42.701000Z,476,110,English,Yes,25,Male,White,United States,United States,United States,English,Yes,DATA_EXPIRED,an-exp2-explanation-easy.csv,3
2023-03-23T16:11:03.947000Z,756,17,English,Yes,27,Male,White,United States,United States,United States,English,Yes,DATA_EXPIRED,an-exp2-explanation-easy.csv,4
2023-03-23T16:12:34.668000Z,519,154,English,Yes,30,Female,Black,Canada,United States,Canada,English,DATA_EXPIRED,DATA_EXPIRED,an-exp2-explanation-easy.csv,5
2023-03-23T16:16:25.579000Z,613,44,English,Yes,40,Female,White,United States,United States,United States,English,No,"Not in paid work (e.g. homemaker', 'retired or disabled)",an-exp2-explanation-easy.csv,6
2023-03-23T16:12:15.877000Z,371,232,English,Yes,30,Male,Asian,United States,United States,Vietnam,English,No,Full-Time,an-exp2-explanation-easy.csv,7
2023-03-23T16:17:45.995000Z,494,176,"Spanish, English",Yes,21,Male,Mixed,Peru,United States,Peru,Spanish,No,Unemployed (and job seeking),an-exp2-explanation-easy.csv,8
2023-03-23T16:26:44.282000Z,490,15,"Spanish, English",Yes,27,Male,Other,United States,United States,United States,Spanish,No,Full-Time,an-exp2-explanation-easy.csv,9
2023-03-23T16:32:21.576000Z,504,170,"Vietnamese, English",Yes,29,Male,Asian,Vietnam,United States,Vietnam,Vietnamese,No,Full-Time,an-exp2-explanation-easy.csv,10
2023-03-23T16:36:46.350000Z,560,280,English,Yes,43,Female,White,United States,United States,United States,English,No,Part-Time,an-exp2-explanation-easy.csv,11
2023-03-23T16:43:21.829000Z,524,298,English,Yes,28,Female,White,United States,United States,Greece,English,No,Full-Time,an-exp2-explanation-easy.csv,12
2023-03-23T16:48:38.925000Z,715,154,English,Yes,25,Female,White,United States,United States,Poland,English,No,Due to start a new job within the next month,an-exp2-explanation-easy.csv,13
2023-03-23T16:45:27.471000Z,603,137,English,Yes,28,Female,White,United States,United States,United States,English,No,DATA_EXPIRED,an-exp2-explanation-easy.csv,14
2023-03-23T16:53:33.228000Z,731,221,English,Yes,21,Female,White,United States,United States,United States,English,Yes,Part-Time,an-exp2-explanation-easy.csv,15
2023-03-23T16:50:22.302000Z,530,124,English,Yes,30,Male,White,United Kingdom,United States,United Kingdom,English,No,Full-Time,an-exp2-explanation-easy.csv,16
2023-03-23T16:50:02.897000Z,389,101,English,Yes,31,Female,White,United States,United States,United States,French,No,Full-Time,an-exp2-explanation-easy.csv,17
2023-03-23T16:55:12.814000Z,611,245,English,Yes,38,Female,Black,United States,United States,United States,English,DATA_EXPIRED,DATA_EXPIRED,an-exp2-explanation-easy.csv,18
2023-03-23T16:55:42.693000Z,415,283,English,Yes,24,Male,White,United States,United States,United States,English,Yes,DATA_EXPIRED,an-exp2-explanation-easy.csv,19
2023-03-23T17:00:00.522000Z,669,182,"English, French, Hindi",Yes,36,Male,Asian,Liberia,United States,India,English,No,Full-Time,an-exp2-explanation-easy.csv,20
2023-03-23T17:14:18.995000Z,1486,99,"Spanish, English",Yes,32,Male,Other,Mexico,United States,Mexico,English,No,DATA_EXPIRED,an-exp2-explanation-easy.csv,21
2023-03-23T17:02:20.978000Z,626,283,English,Yes,21,Male,White,United States,United States,United States,English,No,Unemployed (and job seeking),an-exp2-explanation-easy.csv,22
2023-03-23T17:01:56.345000Z,555,252,English,Yes,22,Female,Asian,United States,United States,United States,English,Yes,Unemployed (and job seeking),an-exp2-explanation-easy.csv,23
2023-03-23T17:00:39.352000Z,405,93,"Bengali, English",Yes,24,Female,Asian,United Kingdom,United States,United Kingdom,English,No,Full-Time,an-exp2-explanation-easy.csv,24
2023-03-23T17:05:17.047000Z,671,104,English,Yes,41,Male,White,United States,United States,United States,English,No,Full-Time,an-exp2-explanation-easy.csv,25
2023-03-23T17:05:43.444000Z,578,255,English,Yes,45,Male,Asian,Lao People's Democratic Republic,United States,United States,Laotian,No,Unemployed (and job seeking),an-exp2-explanation-easy.csv,26
2023-03-23T17:07:02.967000Z,595,69,English,Yes,42,Male,White,United States,United States,United States,English,No,Full-Time,an-exp2-explanation-easy.csv,27
2023-03-23T17:11:57.105000Z,878,166,English,Yes,47,Female,White,United States,United States,United States,English,No,Other,an-exp2-explanation-easy.csv,28
2023-03-23T17:06:12.016000Z,432,231,English,Yes,33,Male,White,United States,United States,United States,English,No,Full-Time,an-exp2-explanation-easy.csv,29
2023-03-23T17:09:05.497000Z,506,26,English,Yes,44,Male,White,United States,United States,United States,English,No,DATA_EXPIRED,an-exp2-explanation-easy.csv,31
2023-03-23T17:07:51.477000Z,390,229,English,Yes,32,Male,White,United States,United States,United States,English,No,"Not in paid work (e.g. homemaker', 'retired or disabled)",an-exp2-explanation-easy.csv,32
2023-03-23T17:25:29.008000Z,1195,147,English,Yes,18,Male,White,United States,United States,United States,English,Yes,Other,an-exp2-explanation-easy.csv,33
2023-03-23T17:11:56.581000Z,380,34,English,Yes,19,Female,White,United States,United States,United States,English,Yes,Part-Time,an-exp2-explanation-easy.csv,34
2023-03-23T17:16:48.653000Z,589,106,English,Yes,33,Male,White,United States,United States,United States,English,No,Due to start a new job within the next month,an-exp2-explanation-easy.csv,35
2023-03-23T17:16:58.237000Z,445,134,"English, Tagalog-Filipino",Yes,41,Female,Asian,Philippines,United States,United States,English,No,DATA_EXPIRED,an-exp2-explanation-easy.csv,36
2023-03-23T17:16:23.059000Z,405,282,English,Yes,24,Female,Asian,Korea,United States,United States,English,No,Part-Time,an-exp2-explanation-easy.csv,37
2023-03-23T17:20:13.546000Z,529,206,English,Yes,30,Female,White,United States,United States,United States,English,No,Part-Time,an-exp2-explanation-easy.csv,38
2023-03-23T17:21:50.274000Z,546,145,"English, Japanese",Yes,34,Female,Asian,Japan,United States,Japan,Japanese,No,"Not in paid work (e.g. homemaker', 'retired or disabled)",an-exp2-explanation-easy.csv,39
2023-03-23T17:20:54.125000Z,451,185,English,Yes,26,Female,White,United States,United States,United States,English,No,DATA_EXPIRED,an-exp2-explanation-easy.csv,40
2023-03-23T17:23:43.317000Z,577,288,English,Yes,47,Female,Black,United States,United States,United States,English,No,Unemployed (and job seeking),an-exp2-explanation-easy.csv,41
2023-03-22T19:21:20.987000Z,562,207,English,Yes,34,Female,White,United States,United States,United States,English,No,DATA_EXPIRED,an-exp2-explanation-easy.csv,42
2023-03-22T19:38:05.871000Z,444,47,English,Yes,20,Female,White,United States,United States,United States,English,Yes,Part-Time,an-exp2-explanation-easy.csv,43
2023-03-22T20:00:37.882000Z,680,99,English,Yes,26,Male,White,United States,United States,United States,English,No,Part-Time,an-exp2-explanation-easy.csv,44
2023-03-22T19:59:17.308000Z,497,256,English,Yes,20,Female,White,United States,United States,United States,English,Yes,Part-Time,an-exp2-explanation-easy.csv,45
2023-03-22T20:05:13.794000Z,641,95,English,Yes,20,Male,Black,United States,United States,United States,English,No,"Not in paid work (e.g. homemaker', 'retired or disabled)",an-exp2-explanation-easy.csv,46
2023-03-22T20:19:29.412000Z,396,10,English,Yes,26,Male,White,United States,United States,United States,English,No,Unemployed (and job seeking),an-exp2-explanation-easy.csv,48
2023-03-22T20:24:08.549000Z,599,157,"Spanish, English",Yes,21,Female,Mixed,United States,United States,United States,Spanish,Yes,Part-Time,an-exp2-explanation-easy.csv,49
2023-03-22T20:31:50.625000Z,826,224,"English, Hindi, Other",Yes,30,Female,Asian,India,United States,India,English,No,"Not in paid work (e.g. homemaker', 'retired or disabled)",an-exp2-explanation-easy.csv,50
2023-03-22T20:27:38.860000Z,499,208,English,Yes,21,Female,White,United States,United States,United States,English,Yes,Part-Time,an-exp2-explanation-easy.csv,51
2023-03-22T20:29:53.158000Z,609,21,English,Yes,30,Male,White,United States,United States,United States,English,No,Full-Time,an-exp2-explanation-easy.csv,52
2023-03-22T20:33:54.749000Z,617,189,"Chinese, English",Yes,22,Male,Asian,United States,United States,United States,Chinese,No,Unemployed (and job seeking),an-exp2-explanation-easy.csv,53
2023-03-22T20:39:10.465000Z,673,171,English,Yes,24,Female,White,United States,United States,United States,English,DATA_EXPIRED,DATA_EXPIRED,an-exp2-explanation-easy.csv,54
2023-03-22T20:49:48.824000Z,1195,193,"Bengali, English, Hindi",Yes,33,Male,Asian,India,United States,India,Hindi,No,Full-Time,an-exp2-explanation-easy.csv,55
2023-03-22T20:37:23.740000Z,419,12,"English, Korean",Yes,25,Female,Asian,Korea,United States,United States,Korean,DATA_EXPIRED,DATA_EXPIRED,an-exp2-explanation-easy.csv,56
2023-03-22T20:42:43.484000Z,602,196,English,Yes,27,Female,White,United States,United States,United States,English,No,Due to start a new job within the next month,an-exp2-explanation-easy.csv,57
2023-03-22T20:43:26.053000Z,580,207,English,Yes,29,Male,White,United States,United States,United States,English,No,"Not in paid work (e.g. homemaker', 'retired or disabled)",an-exp2-explanation-easy.csv,58
2023-03-22T20:45:25.836000Z,539,255,English,Yes,47,Male,White,United States,United States,United States,English,DATA_EXPIRED,DATA_EXPIRED,an-exp2-explanation-easy.csv,59
2023-03-22T20:43:11.200000Z,361,167,English,Yes,20,Male,White,United States,United States,United States,English,DATA_EXPIRED,DATA_EXPIRED,an-exp2-explanation-easy.csv,60
2023-03-22T20:45:30.358000Z,478,296,English,Yes,43,Male,White,United States,United States,United States,English,No,Part-Time,an-exp2-explanation-easy.csv,61
2023-03-22T20:46:56.755000Z,555,122,"English, Spanish",Yes,23,Female,Asian,United States,United States,United States,English,No,Other,an-exp2-explanation-easy.csv,62
2023-03-22T20:51:36.326000Z,789,149,English,Yes,23,Male,White,United States,United States,United States,English,No,Full-Time,an-exp2-explanation-easy.csv,63
2023-03-22T20:47:55.809000Z,534,272,English,Yes,25,Female,Mixed,United States,United States,United States,English,No,Unemployed (and job seeking),an-exp2-explanation-easy.csv,64
2023-03-22T20:51:20.781000Z,660,213,"Chinese, English",Yes,30,Female,Asian,United States,United States,United States,English,No,DATA_EXPIRED,an-exp2-explanation-easy.csv,65
2023-03-22T20:48:15.907000Z,449,55,English,Yes,31,Male,White,United States,United States,United States,English,No,Full-Time,an-exp2-explanation-easy.csv,66
2023-03-22T20:49:48.123000Z,535,136,"English, Korean",Yes,39,Male,Asian,Korea,United States,Korea,Korean,No,Full-Time,an-exp2-explanation-easy.csv,67
2023-03-22T20:46:12.017000Z,316,245,English,Yes,27,Male,White,United States,United States,United States,English,No,Unemployed (and job seeking),an-exp2-explanation-easy.csv,68
2023-03-22T20:51:03.605000Z,561,139,English,Yes,38,Male,White,United States,United States,United States,English,DATA_EXPIRED,DATA_EXPIRED,an-exp2-explanation-easy.csv,69
2023-03-22T20:59:49.645000Z,1040,183,English,Yes,20,Male,White,United States,United States,United States,English,DATA_EXPIRED,DATA_EXPIRED,an-exp2-explanation-easy.csv,70
2023-03-22T20:51:58.346000Z,506,150,English,Yes,26,Female,DATA_EXPIRED,United States,United States,United States,English,No,DATA_EXPIRED,an-exp2-explanation-easy.csv,71
2023-03-22T20:53:12.073000Z,565,245,"English, Spanish",Yes,38,Female,Mixed,United States,United States,United States,English,No,Due to start a new job within the next month,an-exp2-explanation-easy.csv,72
2023-03-22T20:53:24.763000Z,542,240,"English, Hindi, Gujarati",Yes,40,Male,Asian,United States,United States,United States,English,No,Full-Time,an-exp2-explanation-easy.csv,73
2023-03-22T20:54:58.350000Z,483,178,English,Yes,21,Female,White,United States,United States,United States,English,No,Unemployed (and job seeking),an-exp2-explanation-easy.csv,74
2023-03-22T20:55:54.314000Z,485,68,English,Yes,37,Female,Mixed,United States,United States,United States,English,No,Part-Time,an-exp2-explanation-easy.csv,75
2023-03-22T20:58:16.646000Z,548,222,"English, Turkish",Yes,24,Female,White,Turkey,United States,Turkey,Turkish,Yes,Unemployed (and job seeking),an-exp2-explanation-easy.csv,76
2023-03-22T21:06:35.555000Z,955,135,English,Yes,27,Male,White,United Kingdom,United States,United Kingdom,English,Yes,Other,an-exp2-explanation-easy.csv,77
2023-03-22T21:01:33.725000Z,440,141,English,Yes,32,Female,White,United States,United States,United States,English,No,"Not in paid work (e.g. homemaker', 'retired or disabled)",an-exp2-explanation-easy.csv,78
2023-03-22T21:06:21.680000Z,699,268,English,Yes,47,Male,White,United States,United States,United States,English,No,Unemployed (and job seeking),an-exp2-explanation-easy.csv,79
2023-03-22T21:09:26.903000Z,861,214,"Spanish, English",Yes,36,Female,White,United States,United States,United States,Spanish,Yes,Unemployed (and job seeking),an-exp2-explanation-easy.csv,80
2023-03-22T21:04:15.807000Z,538,160,"English, French",Yes,18,Male,Asian,United States,United States,United States,English,Yes,DATA_EXPIRED,an-exp2-explanation-easy.csv,81
2023-03-22T21:09:11.509000Z,811,216,English,Yes,42,Male,White,United States,United States,United States,English,No,DATA_EXPIRED,an-exp2-explanation-easy.csv,82
2023-03-21T19:28:39.861000Z,556,51,English,Yes,27,Female,Asian,United States,United States,United States,English,Yes,Full-Time,an-exp2-explanation-easy.csv,83
2023-03-21T19:35:55.874000Z,423,198,English,Yes,21,Female,White,United States,United States,Greece,English,Yes,Part-Time,an-exp2-explanation-easy.csv,84
2023-03-21T19:40:30.443000Z,378,215,English,Yes,24,Female,White,United States,United States,United States,English,No,Unemployed (and job seeking),an-exp2-explanation-easy.csv,85
2023-03-21T19:43:46.122000Z,551,39,"Bengali, English, Hindi",Yes,33,Male,Asian,India,United States,India,Bengali,No,Full-Time,an-exp2-explanation-easy.csv,86
2023-03-21T19:48:00.997000Z,666,196,English,Yes,45,Female,Mixed,United States,United States,United States,English,DATA_EXPIRED,DATA_EXPIRED,an-exp2-explanation-easy.csv,87
2023-03-21T19:50:01.373000Z,383,199,"English, Spanish",Yes,30,Male,White,United States,United States,United States,English,No,DATA_EXPIRED,an-exp2-explanation-easy.csv,88
2023-03-21T20:01:18.192000Z,501,100,English,Yes,22,Male,Black,United States,United States,United States,English,DATA_EXPIRED,DATA_EXPIRED,an-exp2-explanation-easy.csv,89
2023-03-21T20:02:54.702000Z,851,126,English,Yes,18,Male,Other,United States,United States,United States,English,Yes,Unemployed (and job seeking),an-exp2-explanation-easy.csv,90
2023-03-21T20:00:48.708000Z,677,275,English,Yes,20,Female,Black,United States,United States,United States,English,Yes,Part-Time,an-exp2-explanation-easy.csv,91
2023-03-21T20:01:26.086000Z,558,270,English,Yes,36,Female,White,United States,United States,United States,English,No,"Not in paid work (e.g. homemaker', 'retired or disabled)",an-exp2-explanation-easy.csv,92
2023-03-21T20:00:30.237000Z,427,281,English,Yes,25,Male,White,United States,United States,United States,English,Yes,DATA_EXPIRED,an-exp2-explanation-easy.csv,93
2023-03-21T20:19:17.821000Z,894,21,"English, Spanish",Yes,30,Male,Mixed,United States,United States,United States,English,No,Full-Time,an-exp2-explanation-easy.csv,94
2023-03-21T20:11:30.028000Z,423,168,English,Yes,28,Female,White,United States,United States,United States,English,No,Part-Time,an-exp2-explanation-easy.csv,95
2023-03-21T20:17:07.790000Z,710,128,English,Yes,32,Female,White,United States,United States,United States,English,Yes,Full-Time,an-exp2-explanation-easy.csv,96
2023-03-21T20:19:22.582000Z,784,123,"English, Tagalog-Filipino",Yes,31,Male,Asian,Philippines,United States,Philippines,English,No,Full-Time,an-exp2-explanation-easy.csv,97
2023-03-21T20:19:13.662000Z,506,34,English,Yes,31,Male,White,United States,United States,United States,English,No,Full-Time,an-exp2-explanation-easy.csv,98
2023-03-21T20:17:31.381000Z,397,155,"English, Spanish",Yes,26,Male,Mixed,United States,United States,United States,Spanish,Yes,DATA_EXPIRED,an-exp2-explanation-easy.csv,99
2023-03-21T20:18:12.829000Z,439,158,English,Yes,34,Male,White,United States,United States,United States,English,No,Full-Time,an-exp2-explanation-easy.csv,100
2023-03-21T20:22:45.563000Z,710,42,English,Yes,20,Male,White,United States,United States,United States,English,Yes,DATA_EXPIRED,an-exp2-explanation-easy.csv,101
2023-03-21T20:20:14.197000Z,387,293,English,Yes,22,Female,White,United States,United States,United States,English,No,Part-Time,an-exp2-explanation-easy.csv,102
2023-03-21T20:24:04.915000Z,577,258,English,Yes,32,Female,White,United States,United States,United States,English,No,DATA_EXPIRED,an-exp2-explanation-easy.csv,103
2023-03-21T20:24:10.255000Z,430,121,English,Yes,18,Male,Mixed,United States,United States,United States,English,Yes,Unemployed (and job seeking),an-exp2-explanation-easy.csv,104
2023-03-21T20:28:04.077000Z,665,84,"Arabic, English",Yes,23,Female,White,United States,United States,United States,English,No,Unemployed (and job seeking),an-exp2-explanation-easy.csv,105
2023-03-21T20:28:00.327000Z,659,76,English,Yes,29,Female,White,United States,United States,United States,English,DATA_EXPIRED,DATA_EXPIRED,an-exp2-explanation-easy.csv,106
2023-03-21T20:27:10.328000Z,577,188,English,Yes,31,Male,White,United States,United States,United States,English,Yes,Part-Time,an-exp2-explanation-easy.csv,107
2023-03-21T20:27:34.575000Z,507,234,English,Yes,30,Male,White,Australia,United States,Australia,English,DATA_EXPIRED,DATA_EXPIRED,an-exp2-explanation-easy.csv,108
2023-03-21T20:27:39.957000Z,417,19,English,Yes,27,Female,Mixed,United States,United States,United States,English,No,Part-Time,an-exp2-explanation-easy.csv,109
2023-03-21T20:31:42.937000Z,609,14,English,Yes,21,Male,White,United States,United States,United States,English,Yes,Part-Time,an-exp2-explanation-easy.csv,110
2023-03-21T20:38:31.292000Z,1010,139,English,Yes,38,Male,White,United States,United States,United States,English,No,Other,an-exp2-explanation-easy.csv,111
2023-03-21T20:44:23.120000Z,1200,298,English,Yes,20,Female,White,United States,United States,United States,English,Yes,Unemployed (and job seeking),an-exp2-explanation-easy.csv,112
2023-03-21T20:35:55.823000Z,663,64,"English, German",Yes,18,Male,White,United States,United States,United States,English,Yes,Unemployed (and job seeking),an-exp2-explanation-easy.csv,113
2023-03-21T20:32:02.315000Z,422,93,English,Yes,38,Male,White,United States,United States,United States,English,No,DATA_EXPIRED,an-exp2-explanation-easy.csv,114
2023-03-21T20:31:40.883000Z,379,242,English,Yes,27,Male,White,United States,United States,United States,English,DATA_EXPIRED,DATA_EXPIRED,an-exp2-explanation-easy.csv,115
2023-03-21T20:37:56.406000Z,697,26,English,Yes,33,Male,White,United States,United States,United States,English,No,DATA_EXPIRED,an-exp2-explanation-easy.csv,116
2023-03-21T20:47:39.389000Z,952,45,"English, Spanish",Yes,32,Female,Black,Dominican Republic,United States,Dominican Republic,English,No,Full-Time,an-exp2-explanation-easy.csv,117
2023-03-21T20:40:07.847000Z,447,19,English,Yes,38,Female,White,United States,United States,United States,English,No,Part-Time,an-exp2-explanation-easy.csv,118
2023-03-21T20:43:44.510000Z,636,111,English,Yes,35,Female,White,United States,United States,United States,English,No,DATA_EXPIRED,an-exp2-explanation-easy.csv,119
2023-03-21T20:42:37.191000Z,523,115,English,Yes,34,Female,White,United States,United States,United States,English,No,Unemployed (and job seeking),an-exp2-explanation-easy.csv,120
2023-03-21T20:41:37.267000Z,454,34,English,Yes,27,Female,White,Mexico,United States,United States,Spanish,Yes,Other,an-exp2-explanation-easy.csv,121
2023-03-21T20:43:13.080000Z,533,36,"English, Spanish",Yes,21,Female,White,United States,United States,United States,English,Yes,"Not in paid work (e.g. homemaker', 'retired or disabled)",an-exp2-explanation-easy.csv,122
2023-03-21T21:17:04.914000Z,408,177,English,Yes,29,Female,Asian,United States,United States,United States,Chinese,No,DATA_EXPIRED,an-exp2-explanation-easy.csv,123
2023-03-21T21:35:47.132000Z,448,71,English,Yes,20,Male,White,United States,United States,United States,English,No,Full-Time,an-exp2-explanation-easy.csv,124
2023-03-21T21:44:02.899000Z,698,200,"English, French, German, Spanish",Yes,22,Female,White,Germany,United States,Germany,German,No,Full-Time,an-exp2-explanation-easy.csv,125
2023-03-21T21:48:27.823000Z,610,96,English,Yes,24,Female,White,United States,United States,United States,English,No,Full-Time,an-exp2-explanation-easy.csv,126
2023-03-21T21:43:21.961000Z,517,58,English,Yes,45,Male,White,United Kingdom,United States,United Kingdom,English,No,Full-Time,an-exp2-explanation-easy.csv,127
2023-03-21T21:48:57.185000Z,523,292,"English, Spanish, Other",Yes,24,Female,White,Puerto Rico,United States,Puerto Rico,Spanish,Yes,Unemployed (and job seeking),an-exp2-explanation-easy.csv,128
2023-03-21T21:50:27.482000Z,554,96,"Croatian, English, Serbian",Yes,22,Female,Mixed,United Arab Emirates,United States,Serbia,English,No,Part-Time,an-exp2-explanation-easy.csv,129
2023-03-21T22:05:27.590000Z,747,71,English,Yes,30,Male,White,United States,United States,United States,English,No,"Not in paid work (e.g. homemaker', 'retired or disabled)",an-exp2-explanation-easy.csv,130
2023-03-21T22:07:32.139000Z,655,213,"English, French",Yes,29,Female,White,United States,United States,United States,English,Yes,Full-Time,an-exp2-explanation-easy.csv,131
2023-03-21T22:07:02.646000Z,605,39,"English, Spanish",Yes,19,Male,White,Colombia,United States,Colombia,Spanish,Yes,Part-Time,an-exp2-explanation-easy.csv,132
2023-03-21T22:11:26.090000Z,694,67,English,Yes,20,Female,Asian,China,United States,China,English,Yes,Part-Time,an-exp2-explanation-easy.csv,133
2023-03-21T22:24:22.376000Z,740,284,English,Yes,33,Male,White,United States,United States,United States,English,No,Unemployed (and job seeking),an-exp2-explanation-easy.csv,134
2023-03-21T22:22:05.793000Z,558,270,"English, Polish, German",Yes,24,Female,White,United States,United States,United States,English,No,Unemployed (and job seeking),an-exp2-explanation-easy.csv,135
2023-03-21T22:26:25.408000Z,746,270,English,Yes,40,Female,White,United States,United States,United States,English,DATA_EXPIRED,DATA_EXPIRED,an-exp2-explanation-easy.csv,136
2023-03-21T22:26:52.317000Z,713,149,English,Yes,32,Male,Other,United States,United States,United States,English,No,Other,an-exp2-explanation-easy.csv,137
2023-03-21T22:23:47.583000Z,500,167,English,Yes,19,Male,Mixed,United States,United States,United States,English,Yes,DATA_EXPIRED,an-exp2-explanation-easy.csv,138
2023-03-21T22:25:31.914000Z,479,262,English,Yes,20,Female,Mixed,United States,United States,United States,English,Yes,Part-Time,an-exp2-explanation-easy.csv,139
2023-03-21T22:32:06.571000Z,872,19,"English, Spanish",Yes,23,Male,Other,El Salvador,United States,El Salvador,Spanish,No,Part-Time,an-exp2-explanation-easy.csv,140
2023-03-21T22:36:30.361000Z,849,235,English,Yes,33,Female,White,United States,United States,United States,English,No,Other,an-exp2-explanation-easy.csv,141
2023-03-21T22:36:49.547000Z,537,60,English,Yes,30,Male,White,United States,United States,United States,English,No,"Not in paid work (e.g. homemaker', 'retired or disabled)",an-exp2-explanation-easy.csv,142
2023-03-21T22:47:56.768000Z,1038,235,English,Yes,20,Female,White,United States,United States,United States,English,Yes,Part-Time,an-exp2-explanation-easy.csv,143
2023-03-21T22:41:15.661000Z,584,24,English,Yes,24,Male,Black,United States,United States,United States,English,No,DATA_EXPIRED,an-exp2-explanation-easy.csv,144
2023-03-21T22:41:35.372000Z,493,29,English,Yes,20,Male,White,United States,United States,United States,English,Yes,Part-Time,an-exp2-explanation-easy.csv,145
2023-03-21T22:47:18.623000Z,647,248,English,Yes,36,Male,White,United States,United States,United States,English,No,Part-Time,an-exp2-explanation-easy.csv,146
2023-03-21T22:51:31.182000Z,657,13,English,Yes,41,Male,White,United States,United States,Germany,English,DATA_EXPIRED,DATA_EXPIRED,an-exp2-explanation-easy.csv,147
2023-03-21T22:52:12.458000Z,630,234,English,Yes,36,Male,White,United States,United States,United States,English,No,DATA_EXPIRED,an-exp2-explanation-easy.csv,148
2023-03-21T22:55:03.061000Z,771,78,English,Yes,40,Female,White,United States,United States,United States,English,No,Full-Time,an-exp2-explanation-easy.csv,149
2023-03-21T22:52:59.460000Z,511,252,English,Yes,40,Female,White,United States,United States,United States,English,No,Full-Time,an-exp2-explanation-easy.csv,150
2023-03-21T22:59:11.079000Z,768,78,"French, English",Yes,26,Male,White,France,United States,France,French,No,Due to start a new job within the next month,an-exp2-explanation-easy.csv,151
2023-03-21T22:52:39.391000Z,349,246,English,Yes,32,Female,White,United States,United States,United States,English,Yes,"Not in paid work (e.g. homemaker', 'retired or disabled)",an-exp2-explanation-easy.csv,152
2023-03-21T22:56:00.487000Z,479,97,English,Yes,20,Female,White,United States,United States,United States,English,Yes,Part-Time,an-exp2-explanation-easy.csv,153
2023-03-21T23:00:30.009000Z,638,28,English,Yes,20,Male,White,United States,United States,United States,English,Yes,Part-Time,an-exp2-explanation-easy.csv,154
2023-03-21T23:13:34.528000Z,1060,178,English,Yes,34,Male,Mixed,Japan,United States,United States,English,No,Full-Time,an-exp2-explanation-easy.csv,155
2023-03-21T23:12:51.631000Z,1238,87,"English, Spanish",Yes,34,Male,DATA_EXPIRED,United States,United States,United States,English,No,DATA_EXPIRED,an-exp2-explanation-easy.csv,156
2023-03-21T23:03:02.644000Z,731,269,English,Yes,42,Male,White,United States,United States,United States,English,No,Full-Time,an-exp2-explanation-easy.csv,157
2023-03-21T23:02:25.482000Z,570,39,English,Yes,44,Male,White,United States,United States,United States,English,No,Full-Time,an-exp2-explanation-easy.csv,158
2023-03-21T23:04:36.351000Z,671,254,English,Yes,24,Female,White,United States,United States,United States,English,No,"Not in paid work (e.g. homemaker', 'retired or disabled)",an-exp2-explanation-easy.csv,159
2023-03-21T23:08:27.075000Z,867,69,English,Yes,27,Male,White,United States,United States,United States,English,No,Part-Time,an-exp2-explanation-easy.csv,160
2023-03-21T23:05:31.136000Z,662,141,"English, Spanish",Yes,37,Female,White,United States,United States,United States,English,Yes,Unemployed (and job seeking),an-exp2-explanation-easy.csv,161
2023-03-21T23:12:52.477000Z,591,119,"English, French",Yes,33,Female,Black,United States,United States,United States,English,No,Unemployed (and job seeking),an-exp2-explanation-easy.csv,162
2023-03-21T23:20:08.152000Z,898,136,"Albanian, English, Greek, Italian, Spanish",Yes,45,Female,White,Albania,United States,United States,Albanian,No,Full-Time,an-exp2-explanation-easy.csv,163
2023-03-21T23:27:01.122000Z,1054,267,English,Yes,DATA_EXPIRED,Female,Black,United States,United States,United States,English,No,Full-Time,an-exp2-explanation-easy.csv,164
2023-01-23T23:20:08.651000Z,379,62,,Yes,20,Male,Asian,United States,United States,Vietnam,English,Yes,Unemployed (and job seeking),an-exp2-explanation-easy.csv,165
2023-01-23T23:22:12.964000Z,475,235,,Yes,24,Male,Mixed,United States,United States,United States,English,DATA_EXPIRED,DATA_EXPIRED,an-exp2-explanation-easy.csv,166
2023-01-23T23:29:13.885000Z,427,116,,Yes,31,Female,White,United States,United States,United States,English,DATA_EXPIRED,DATA_EXPIRED,an-exp2-explanation-easy.csv,167
2023-01-23T23:38:38.048000Z,589,112,,Yes,19,Male,White,United States,United States,United States,English,DATA_EXPIRED,DATA_EXPIRED,an-exp2-explanation-easy.csv,168
2023-01-23T23:38:49.542000Z,533,232,,Yes,21,Male,Other,United States,United States,United States,English,Yes,Part-Time,an-exp2-explanation-easy.csv,169
2023-01-23T23:38:18.160000Z,493,102,,Yes,28,Female,Asian,Canada,United States,Canada,English,No,Full-Time,an-exp2-explanation-easy.csv,170
2023-01-23T23:41:59.985000Z,627,133,,Yes,26,Female,White,United States,United States,United States,English,No,Part-Time,an-exp2-explanation-easy.csv,171
2023-01-23T23:49:28.030000Z,556,285,,Yes,34,Male,Black,United States,United States,United States,English,Yes,Full-Time,an-exp2-explanation-easy.csv,172
2023-01-23T23:53:54.048000Z,568,14,,Yes,23,Female,White,United States,United States,United States,English,No,Unemployed (and job seeking),an-exp2-explanation-easy.csv,173
2023-01-24T00:05:03.527000Z,1143,211,,Yes,21,Female,White,United States,United States,United States,English,Yes,Unemployed (and job seeking),an-exp2-explanation-easy.csv,174
2023-01-23T23:51:31.254000Z,326,171,,Yes,18,Male,Asian,United States,United States,China,English,Yes,DATA_EXPIRED,an-exp2-explanation-easy.csv,175
2023-01-24T00:43:08.610000Z,766,9,,Yes,20,Female,Other,United States,United States,United States,English,DATA_EXPIRED,Part-Time,an-exp2-explanation-easy.csv,176
2023-03-22T22:06:44.886000Z,538,93,English,Yes,19,Female,White,United States,United States,United States,English,DATA_EXPIRED,DATA_EXPIRED,an-exp2-explanation-easy.csv,177
2023-03-22T22:15:06.782000Z,766,146,English,Yes,25,Female,White,United States,United States,United States,English,No,DATA_EXPIRED,an-exp2-explanation-easy.csv,178
2023-03-22T22:22:34.105000Z,689,243,"English, French",Yes,32,Female,White,United States,United States,United States,English,No,DATA_EXPIRED,an-exp2-explanation-easy.csv,179
2023-03-22T22:23:33.067000Z,732,97,"Spanish, English",Yes,26,Female,White,Mexico,United States,Mexico,Spanish,DATA_EXPIRED,DATA_EXPIRED,an-exp2-explanation-easy.csv,180
2023-03-22T22:41:15.047000Z,822,249,English,Yes,27,Female,White,United States,United States,United States,English,No,"Not in paid work (e.g. homemaker', 'retired or disabled)",an-exp2-explanation-easy.csv,181
2023-03-22T22:36:10.935000Z,433,36,"Spanish, English",Yes,27,Female,Other,United States,United States,United States,Spanish,Yes,DATA_EXPIRED,an-exp2-explanation-easy.csv,182
2023-03-22T22:43:03.146000Z,812,205,English,Yes,25,Female,Asian,United States,United States,United States,Vietnamese,Yes,Full-Time,an-exp2-explanation-easy.csv,183
2023-03-22T22:47:33.775000Z,716,259,English,Yes,46,Female,White,United States,United States,United States,English,No,DATA_EXPIRED,an-exp2-explanation-easy.csv,184
2023-03-22T22:46:53.292000Z,627,71,English,Yes,25,Female,White,United States,United States,United States,English,No,DATA_EXPIRED,an-exp2-explanation-easy.csv,185
2023-03-22T22:51:26.435000Z,808,61,English,Yes,29,Female,White,Russian Federation,United States,Russian Federation,Russian,No,Unemployed (and job seeking),an-exp2-explanation-easy.csv,186
2023-03-22T22:49:45.754000Z,669,215,English,Yes,23,Male,Asian,United States,United States,Thailand,English,Yes,DATA_EXPIRED,an-exp2-explanation-easy.csv,187
2023-03-22T22:54:25.597000Z,628,42,"Korean, English",Yes,37,Male,Asian,Korea,United States,Korea,Korean,No,DATA_EXPIRED,an-exp2-explanation-easy.csv,188
2023-03-22T22:53:19.024000Z,524,271,"English, Spanish",Yes,19,Male,Mixed,United States,United States,United States,English,Yes,Part-Time,an-exp2-explanation-easy.csv,189
2023-03-22T23:01:57.318000Z,807,88,English,Yes,27,Female,White,United States,United States,United States,English,No,DATA_EXPIRED,an-exp2-explanation-easy.csv,190
2023-03-22T22:56:03.419000Z,330,87,English,Yes,34,Female,White,United States,United States,United States,English,No,Full-Time,an-exp2-explanation-easy.csv,191
2023-03-22T23:07:45.468000Z,844,284,English,Yes,28,Female,Other,Mexico,United States,United States,Spanish,Yes,Full-Time,an-exp2-explanation-easy.csv,192
2023-03-22T23:03:01.413000Z,487,29,English,Yes,19,Female,Asian,China,United States,United States,English,Yes,Unemployed (and job seeking),an-exp2-explanation-easy.csv,193
2023-03-22T23:07:03.157000Z,444,64,English,Yes,23,Female,White,United States,United States,United States,English,Yes,Unemployed (and job seeking),an-exp2-explanation-easy.csv,195
2023-03-22T23:10:51.041000Z,573,42,English,Yes,31,Female,White,United States,United States,United States,English,No,Full-Time,an-exp2-explanation-easy.csv,196
2023-03-22T23:11:02.673000Z,461,49,English,Yes,20,Female,White,Germany,United States,United States,English,DATA_EXPIRED,DATA_EXPIRED,an-exp2-explanation-easy.csv,197
2023-03-22T23:13:41.383000Z,561,81,English,Yes,27,Female,White,United States,United States,United States,English,Yes,DATA_EXPIRED,an-exp2-explanation-easy.csv,198
2023-03-22T23:12:46.136000Z,501,259,"English, German",Yes,46,Female,White,Germany,United States,Germany,English,DATA_EXPIRED,DATA_EXPIRED,an-exp2-explanation-easy.csv,199
2023-03-22T23:17:12.888000Z,650,201,English,Yes,39,Male,White,United States,United States,United States,English,No,DATA_EXPIRED,an-exp2-explanation-easy.csv,200
2023-03-22T23:17:45.222000Z,547,191,"English, Spanish",Yes,35,Male,Other,Mexico,United States,United States,Spanish,No,Full-Time,an-exp2-explanation-easy.csv,201
2023-03-22T23:26:31.104000Z,1038,275,English,Yes,26,Female,White,United States,United States,United States,English,No,Full-Time,an-exp2-explanation-easy.csv,202
2023-03-22T23:21:42.133000Z,560,35,English,Yes,22,Male,White,United States,United States,United States,English,No,Full-Time,an-exp2-explanation-easy.csv,203
2023-03-22T23:29:58.364000Z,617,10,English,Yes,21,Male,Asian,United States,United States,United States,English,Yes,Part-Time,an-exp2-explanation-easy.csv,204
2023-03-22T23:34:19.329000Z,751,94,English,Yes,26,Male,Mixed,United States,United States,United States,English,Yes,Unemployed (and job seeking),an-exp2-explanation-easy.csv,205
2023-03-22T23:34:20.996000Z,717,160,English,Yes,27,Male,Mixed,United States,United States,United States,English,Yes,Full-Time,an-exp2-explanation-easy.csv,206
2023-03-23T00:05:38.630000Z,2332,35,English,Yes,28,Male,Mixed,United States,United States,United States,English,No,DATA_EXPIRED,an-exp2-explanation-easy.csv,207
2023-03-22T23:38:35.498000Z,575,116,English,Yes,29,Male,Black,United States,United States,United States,English,No,Unemployed (and job seeking),an-exp2-explanation-easy.csv,208
2023-03-22T23:35:52.476000Z,410,100,English,Yes,19,Male,White,United States,United States,United States,English,No,Unemployed (and job seeking),an-exp2-explanation-easy.csv,209
2023-03-22T23:39:02.175000Z,384,137,English,Yes,28,Male,Mixed,United States,United States,United States,English,Yes,Due to start a new job within the next month,an-exp2-explanation-easy.csv,211
2023-03-22T23:40:15.715000Z,452,48,"English, Spanish",Yes,22,Male,White,United States,United States,United States,English,Yes,Other,an-exp2-explanation-easy.csv,212
2023-03-22T23:43:44.680000Z,536,276,English,Yes,29,Male,White,United States,United States,United States,English,No,Full-Time,an-exp2-explanation-easy.csv,213
2023-03-22T23:43:51.581000Z,547,277,"Greek, English, Spanish",Yes,32,Male,White,Greece,United States,United States,English,No,Full-Time,an-exp2-explanation-easy.csv,214
2023-03-22T23:52:52.025000Z,635,230,"English, Hindi",Yes,25,Male,Asian,India,United States,India,Hindi,Yes,Part-Time,an-exp2-explanation-easy.csv,215
2023-03-22T23:50:19.634000Z,421,269,English,Yes,23,Male,Asian,United States,United States,United States,English,DATA_EXPIRED,DATA_EXPIRED,an-exp2-explanation-easy.csv,216
2023-03-23T14:35:54.889000Z,885,295,English,Yes,23,Male,Asian,United States,United States,Bangladesh,English,DATA_EXPIRED,DATA_EXPIRED,an-exp2-explanation-easy.csv,217
2023-03-23T14:32:52.301000Z,511,82,English,Yes,21,Male,White,United States,United States,United States,English,Yes,Unemployed (and job seeking),an-exp2-explanation-easy.csv,218
2023-01-24T17:31:03.632000Z,537,79,"English, Spanish",Yes,22,Female,Other,Dominican Republic,United States,Dominican Republic,Spanish,No,Unemployed (and job seeking),an-exp2-explanation-easy.csv,219
2023-01-24T18:11:52.483000Z,707,132,"Indonesian, English",Yes,31,Female,Asian,Indonesia,United States,Indonesia,Indonesian,No,Unemployed (and job seeking),an-exp2-explanation-easy.csv,220
2023-01-24T18:13:56.868000Z,812,97,English,Yes,19,Male,White,United States,United States,United States,English,Yes,Unemployed (and job seeking),an-exp2-explanation-easy.csv,221
2023-01-25T00:29:43.988000Z,23247,74,"English, Bengali, Spanish",Yes,20,Male,Asian,Bangladesh,United States,Bangladesh,Bengali,Yes,Unemployed (and job seeking),an-exp2-explanation-easy.csv,222
2023-01-24T18:15:04.941000Z,596,34,"Tagalog-Filipino, English",Yes,33,Male,Asian,Philippines,United States,Philippines,Tagalog-Filipino,No,Unemployed (and job seeking),an-exp2-explanation-easy.csv,223
2023-01-24T18:19:08.560000Z,539,156,"English, Tagalog-Filipino",Yes,24,Male,Asian,Philippines,United States,Philippines,Tagalog-Filipino,No,Unemployed (and job seeking),an-exp2-explanation-easy.csv,224
2023-01-24T18:20:00.585000Z,327,52,"English, Spanish",Yes,26,Male,Other,United States,United States,Dominican Republic,English,Yes,Full-Time,an-exp2-explanation-easy.csv,225
2023-01-24T18:29:48.368000Z,584,134,"English, Hindi",Yes,28,Male,Asian,India,United States,India,English,No,Full-Time,an-exp2-explanation-easy.csv,226
2023-01-24T18:35:13.773000Z,623,81,"Amharic, English",Yes,40,Female,Black,Ethiopia,United States,Ethiopia,Amharic,No,Full-Time,an-exp2-explanation-easy.csv,227
2023-01-24T18:38:56.005000Z,704,40,"English, French",Yes,36,Male,DATA_EXPIRED,United Kingdom,United States,United States,English,No,DATA_EXPIRED,an-exp2-explanation-easy.csv,228
2023-01-24T18:35:55.997000Z,415,54,English,Yes,21,Female,Black,United States,United States,Haiti,English,Yes,Other,an-exp2-explanation-easy.csv,229
2023-01-24T18:41:46.107000Z,761,54,English,Yes,36,Male,Black,Nigeria,United States,Nigeria,English,Yes,Part-Time,an-exp2-explanation-easy.csv,230
2023-01-24T18:35:31.778000Z,317,181,English,Yes,28,Female,White,United States,United States,United States,English,No,Full-Time,an-exp2-explanation-easy.csv,231
2023-01-24T18:47:51.580000Z,793,45,English,Yes,39,Male,Black,Nigeria,United States,Nigeria,English,Yes,Part-Time,an-exp2-explanation-easy.csv,232
2023-01-24T18:46:04.164000Z,586,62,English,Yes,29,Female,White,United States,United States,United States,English,Yes,Full-Time,an-exp2-explanation-easy.csv,233
2023-01-24T18:43:56.783000Z,386,14,English,Yes,28,Female,Asian,United States,United States,United States,English,No,Full-Time,an-exp2-explanation-easy.csv,234
2023-01-24T18:49:17.373000Z,535,84,English,Yes,24,Female,White,United States,United States,United States,English,No,DATA_EXPIRED,an-exp2-explanation-easy.csv,235
2023-01-24T18:51:30.367000Z,487,15,English,Yes,22,Female,White,United States,United States,United States,English,Yes,Full-Time,an-exp2-explanation-easy.csv,236
2023-01-24T19:12:57.505000Z,605,158,"Spanish, English",Yes,28,Male,White,Mexico,United States,Mexico,Spanish,Yes,DATA_EXPIRED,an-exp2-explanation-easy.csv,237
2023-01-24T21:00:09.419000Z,519,101,English,Yes,21,Female,White,United States,United States,United States,English,DATA_EXPIRED,DATA_EXPIRED,an-exp2-explanation-easy.csv,238
2023-01-24T21:07:33.004000Z,445,195,English,Yes,28,Male,Black,United States,United States,United States,English,No,Unemployed (and job seeking),an-exp2-explanation-easy.csv,239
2023-01-24T21:39:39.440000Z,544,126,English,Yes,24,Male,White,United States,United States,United States,English,No,Full-Time,an-exp2-explanation-easy.csv,240
2023-01-24T22:08:48.415000Z,463,85,English,Yes,25,Female,White,United States,United States,Malta,English,No,Full-Time,an-exp2-explanation-easy.csv,241
2023-01-24T22:09:44.422000Z,481,102,"Hindi, Other, English, Bengali",Yes,30,Male,Asian,India,United States,India,Bengali,Yes,Part-Time,an-exp2-explanation-easy.csv,242
2023-01-24T22:31:17.995000Z,519,167,English,Yes,21,Female,Asian,Korea,United States,Korea,Korean,Yes,Part-Time,an-exp2-explanation-easy.csv,243
2023-01-24T22:33:28.156000Z,601,29,English,Yes,21,Male,White,United Kingdom,United States,United Kingdom,English,Yes,Due to start a new job within the next month,an-exp2-explanation-easy.csv,244
2023-01-24T23:32:55.619000Z,419,18,English,Yes,22,Female,Asian,United States,United States,Philippines,English,Yes,Part-Time,an-exp2-explanation-easy.csv,245
2023-01-24T23:52:47.570000Z,519,154,English,Yes,23,Female,White,United States,United States,United States,English,DATA_EXPIRED,DATA_EXPIRED,an-exp2-explanation-easy.csv,246
2023-01-25T00:31:31.202000Z,929,164,"English, Spanish",Yes,20,Male,White,Peru,United States,Peru,Spanish,DATA_EXPIRED,DATA_EXPIRED,an-exp2-explanation-easy.csv,247
2023-01-27T16:35:32.757000Z,564,34,English,Yes,34,Female,Mixed,United States,United States,United States,English,No,Full-Time,an-exp2-explanation-easy.csv,248
2023-01-27T16:39:14.846000Z,541,141,English,Yes,22,Female,White,United States,United States,United States,English,Yes,Part-Time,an-exp2-explanation-easy.csv,249
2023-01-27T16:36:26.032000Z,360,100,English,Yes,35,Male,White,United States,United States,United States,English,No,Part-Time,an-exp2-explanation-easy.csv,250
2023-01-27T16:40:11.528000Z,573,149,English,Yes,24,Male,White,United States,United States,United States,English,DATA_EXPIRED,DATA_EXPIRED,an-exp2-explanation-easy.csv,251
2023-01-27T16:40:17.045000Z,552,68,English,Yes,23,Female,White,United States,United States,United States,English,No,Part-Time,an-exp2-explanation-easy.csv,252
2023-01-27T16:44:09.578000Z,741,36,English,Yes,29,Male,White,United States,United States,United States,English,No,Unemployed (and job seeking),an-exp2-explanation-easy.csv,253
2023-01-27T16:42:47.480000Z,633,189,"English, Portuguese",Yes,35,Female,White,Brazil,United States,Brazil,Portuguese,Yes,Unemployed (and job seeking),an-exp2-explanation-easy.csv,254
2023-01-27T16:50:25.808000Z,1069,89,English,Yes,39,Male,White,United States,United States,United Kingdom,English,No,Full-Time,an-exp2-explanation-easy.csv,255
2023-01-27T16:39:05.364000Z,387,53,English,Yes,18,Male,Black,United States,United States,United States,English,DATA_EXPIRED,DATA_EXPIRED,an-exp2-explanation-easy.csv,256
2023-01-27T17:26:22.158000Z,649,162,"English, Portuguese",Yes,28,Female,Other,United States,United States,United States,Portuguese,No,Unemployed (and job seeking),an-exp2-explanation-easy.csv,257
2023-01-27T17:57:49.935000Z,456,69,English,Yes,23,Male,White,United States,United States,United States,English,Yes,Unemployed (and job seeking),an-exp2-explanation-easy.csv,258
2023-01-27T18:14:17.101000Z,568,163,"English, Spanish, Malayalam",Yes,19,Male,Asian,United States,United States,United States,Malayalam,Yes,"Not in paid work (e.g. homemaker', 'retired or disabled)",an-exp2-explanation-easy.csv,259
2023-01-27T18:13:43.817000Z,418,173,English,Yes,21,Female,White,United States,United States,United States,English,Yes,Part-Time,an-exp2-explanation-easy.csv,260
2023-01-27T18:14:48.155000Z,353,30,English,Yes,28,Female,White,United States,United States,United States,English,No,Part-Time,an-exp2-explanation-easy.csv,261
2023-01-27T18:19:21.316000Z,559,5,English,Yes,34,Male,Mixed,United States,United States,United States,English,No,Full-Time,an-exp2-explanation-easy.csv,262
2023-01-27T18:19:25.107000Z,439,6,English,Yes,32,Male,White,Australia,United States,Australia,English,No,Full-Time,an-exp2-explanation-easy.csv,263
2023-01-27T18:24:22.639000Z,568,143,English,Yes,24,Female,Other,United States,United States,United States,English,No,"Not in paid work (e.g. homemaker', 'retired or disabled)",an-exp2-explanation-easy.csv,264
2023-01-27T18:22:14.271000Z,420,111,English,Yes,32,Male,Mixed,United States,United States,United States,English,No,Part-Time,an-exp2-explanation-easy.csv,265
2023-01-27T18:24:58.243000Z,468,11,English,Yes,31,Female,White,United States,United States,United States,English,No,Full-Time,an-exp2-explanation-easy.csv,266
2023-01-27T18:32:25.378000Z,665,6,English,Yes,24,Female,White,United States,United States,United States,English,No,Other,an-exp2-explanation-easy.csv,267
2023-01-27T18:35:54.075000Z,597,167,"English, Portuguese",Yes,41,Female,White,United States,United States,United States,English,No,Full-Time,an-exp2-explanation-easy.csv,268
2023-01-27T19:09:02.074000Z,1002,96,"English, Spanish",Yes,23,Female,Other,United States,United States,United States,Spanish,DATA_EXPIRED,DATA_EXPIRED,an-exp2-explanation-easy.csv,269
2023-01-27T19:10:12.565000Z,469,45,English,Yes,26,Female,White,United States,United States,United States,English,DATA_EXPIRED,DATA_EXPIRED,an-exp2-explanation-easy.csv,270
2023-01-27T19:23:04.502000Z,460,111,English,Yes,42,Female,White,United States,United States,United States,English,No,Full-Time,an-exp2-explanation-easy.csv,271
2023-01-27T19:32:17.959000Z,814,145,English,Yes,23,Female,Black,Nigeria,United States,Nigeria,English,Yes,Full-Time,an-exp2-explanation-easy.csv,272
2023-01-27T19:35:57.200000Z,616,6,English,Yes,DATA_EXPIRED,Male,White,United States,United States,United States,English,No,"Not in paid work (e.g. homemaker', 'retired or disabled)",an-exp2-explanation-easy.csv,273
2023-01-27T19:35:03.770000Z,405,37,English,Yes,27,Male,White,United States,United States,United States,English,No,Part-Time,an-exp2-explanation-easy.csv,274
2023-01-27T19:37:22.940000Z,470,199,English,Yes,18,Male,Asian,China,United States,China,Chinese,Yes,Unemployed (and job seeking),an-exp2-explanation-easy.csv,275
2023-01-27T19:41:57.448000Z,527,12,English,Yes,27,Male,White,United States,United States,United States,English,No,Part-Time,an-exp2-explanation-easy.csv,276
2023-01-27T19:47:04.829000Z,506,77,"Arabic, Spanish, English",Yes,30,Male,White,United States,United States,United States,English,Yes,DATA_EXPIRED,an-exp2-explanation-easy.csv,277
2023-01-27T20:07:30.720000Z,433,118,English,Yes,28,Female,White,United States,United States,United States,English,Yes,Full-Time,an-exp2-explanation-easy.csv,278
2023-01-27T20:13:30.705000Z,377,136,"English, Hindi, Urdu",Yes,21,Female,Asian,Pakistan,United States,Pakistan,Urdu,Yes,Unemployed (and job seeking),an-exp2-explanation-easy.csv,279
2023-01-27T20:24:03.161000Z,361,141,English,Yes,33,Male,White,United States,United States,United States,English,No,Full-Time,an-exp2-explanation-easy.csv,280
2023-01-27T20:29:26.774000Z,502,44,English,Yes,25,Male,White,United States,United States,United States,English,No,Full-Time,an-exp2-explanation-easy.csv,281
2023-01-27T20:37:17.261000Z,524,7,"Dutch, English",Yes,35,Female,White,United States,United States,United States,English,No,Full-Time,an-exp2-explanation-easy.csv,282
2023-01-27T20:41:28.495000Z,551,87,English,Yes,42,Female,White,United States,United States,United States,English,No,DATA_EXPIRED,an-exp2-explanation-easy.csv,283
2023-01-27T20:40:38.464000Z,437,172,English,Yes,29,Male,Black,United States,United States,United States,English,DATA_EXPIRED,DATA_EXPIRED,an-exp2-explanation-easy.csv,284
2023-01-27T20:48:59.894000Z,520,10,English,Yes,33,Male,White,United States,United States,United States,English,No,Full-Time,an-exp2-explanation-easy.csv,285
2023-01-27T21:26:07.192000Z,842,16,English,Yes,45,Male,Black,Jamaica,United States,Jamaica,English,DATA_EXPIRED,DATA_EXPIRED,an-exp2-explanation-easy.csv,286
2023-01-27T21:23:16.163000Z,532,115,English,Yes,22,Female,Black,United States,United States,United States,English,Yes,Part-Time,an-exp2-explanation-easy.csv,287
2023-01-27T21:24:13.806000Z,558,158,English,Yes,47,Female,Other,United States,United States,United States,English,No,Full-Time,an-exp2-explanation-easy.csv,288
2023-01-27T21:50:23.931000Z,426,115,English,Yes,25,Female,White,United States,United States,United States,English,DATA_EXPIRED,DATA_EXPIRED,an-exp2-explanation-easy.csv,289
2023-01-27T21:54:08.892000Z,464,10,English,Yes,31,Male,White,United States,United States,United States,English,No,Full-Time,an-exp2-explanation-easy.csv,290
2023-01-27T21:56:32.969000Z,437,18,English,Yes,28,Female,White,United States,United States,United States,English,No,Full-Time,an-exp2-explanation-easy.csv,291
2023-01-27T21:57:50.565000Z,363,147,English,Yes,26,Male,White,United States,United States,United States,English,No,Full-Time,an-exp2-explanation-easy.csv,292
2023-01-27T22:08:15.449000Z,915,138,English,Yes,27,Male,Black,United States,United States,United States,English,DATA_EXPIRED,Other,an-exp2-explanation-easy.csv,293
2023-01-27T22:36:37.256000Z,815,66,"French, English, Other",Yes,19,Male,Black,Haiti,United States,Haiti,French,Yes,Unemployed (and job seeking),an-exp2-explanation-easy.csv,294
2023-01-27T22:42:09.994000Z,657,145,English,Yes,31,Female,White,United States,United States,United States,English,No,Full-Time,an-exp2-explanation-easy.csv,295
2023-01-27T22:43:17.289000Z,398,105,English,Yes,20,Female,White,United States,United States,United States,English,Yes,Part-Time,an-exp2-explanation-easy.csv,296
2023-01-27T22:42:16.528000Z,268,74,English,Yes,23,Male,White,United States,United States,United States,English,DATA_EXPIRED,DATA_EXPIRED,an-exp2-explanation-easy.csv,297
2023-01-27T22:50:45.489000Z,716,71,English,Yes,23,Female,White,United States,United States,United States,English,No,Part-Time,an-exp2-explanation-easy.csv,298
2023-01-27T22:59:44.845000Z,381,10,English,Yes,23,Male,Asian,United States,United States,United States,English,No,Unemployed (and job seeking),an-exp2-explanation-easy.csv,299
2023-01-27T23:19:13.763000Z,630,148,"Spanish, English",Yes,33,Female,Other,Mexico,United States,Mexico,Spanish,No,"Not in paid work (e.g. homemaker', 'retired or disabled)",an-exp2-explanation-easy.csv,300
2023-01-28T18:54:50.602000Z,738,129,"English, Japanese",Yes,18,Male,Asian,United States,United States,Japan,English,Yes,DATA_EXPIRED,an-exp2-explanation-easy.csv,301
2023-01-28T19:04:27.405000Z,557,118,English,Yes,41,Female,White,United States,United States,United States,English,No,DATA_EXPIRED,an-exp2-explanation-easy.csv,302
2023-01-28T20:03:10.457000Z,691,197,English,Yes,31,Male,White,United States,United States,United States,English,No,DATA_EXPIRED,an-exp2-explanation-easy.csv,303
2023-02-11T19:07:46.345000Z,565,123,English,Yes,22,Female,White,United States,United States,United States,English,Yes,Other,an-exp2-explanation-easy.csv,304
2023-02-11T19:21:12.977000Z,428,251,English,Yes,24,Female,Black,Germany,United States,United States,English,Yes,DATA_EXPIRED,an-exp2-explanation-easy.csv,305
2023-02-11T19:31:59.479000Z,773,274,English,Yes,20,Female,White,United States,United States,United States,English,Yes,Part-Time,an-exp2-explanation-easy.csv,306
2023-02-11T19:39:42.286000Z,712,65,English,Yes,23,Male,White,United States,United States,United States,English,Yes,Unemployed (and job seeking),an-exp2-explanation-easy.csv,307
2023-02-11T19:39:48.131000Z,645,77,English,Yes,33,Male,Mixed,United States,United States,United States,English,No,DATA_EXPIRED,an-exp2-explanation-easy.csv,308
2023-02-11T19:36:14.079000Z,417,87,English,Yes,25,Female,White,United States,United States,United States,English,Yes,Full-Time,an-exp2-explanation-easy.csv,309
2023-02-11T19:36:50.516000Z,433,276,English,Yes,28,Female,Asian,United States,United States,United States,English,No,Full-Time,an-exp2-explanation-easy.csv,310
2023-02-11T19:41:23.220000Z,521,123,English,Yes,20,Female,White,United States,United States,United States,English,No,Part-Time,an-exp2-explanation-easy.csv,311
2023-02-11T19:44:11.679000Z,465,16,English,Yes,22,Male,White,United States,United States,United States,English,Yes,DATA_EXPIRED,an-exp2-explanation-easy.csv,312
2023-02-11T19:51:14.276000Z,778,37,English,Yes,25,Male,Mixed,United States,United States,United States,English,DATA_EXPIRED,DATA_EXPIRED,an-exp2-explanation-easy.csv,313
2023-02-11T19:54:05.193000Z,548,17,"Afrikaans, English",Yes,27,Male,White,South Africa,United States,South Africa,English,Yes,Full-Time,an-exp2-explanation-easy.csv,314
2023-02-11T19:56:49.385000Z,622,27,"French, English",Yes,31,Male,White,United States,United States,United States,English,No,Full-Time,an-exp2-explanation-easy.csv,315
2023-02-11T20:39:33.336000Z,458,114,English,Yes,20,Female,White,United States,United States,United States,English,Yes,Part-Time,an-exp2-explanation-easy.csv,316
2023-02-11T21:16:22.369000Z,2416,30,"English, Spanish",Yes,32,Male,Other,United States,United States,United States,English,No,Unemployed (and job seeking),an-exp2-explanation-easy.csv,317
2023-02-11T20:46:37.892000Z,529,157,English,Yes,30,Male,White,United States,United States,United States,English,No,DATA_EXPIRED,an-exp2-explanation-easy.csv,318
2023-02-11T21:53:04.336000Z,943,206,English,Yes,30,Male,Asian,United States,United States,United States,English,No,Full-Time,an-exp2-explanation-easy.csv,319
2023-02-11T21:52:53.523000Z,529,185,English,Yes,26,Female,White,United States,United States,United States,English,No,Other,an-exp2-explanation-easy.csv,320
2023-02-11T21:51:06.573000Z,375,215,English,Yes,22,Female,White,United States,United States,United States,English,DATA_EXPIRED,DATA_EXPIRED,an-exp2-explanation-easy.csv,321
2023-02-11T22:39:55.231000Z,573,87,English,Yes,34,Female,White,United States,United States,United States,English,Yes,DATA_EXPIRED,an-exp2-explanation-easy.csv,322
2023-02-11T22:50:44.892000Z,758,40,English,Yes,31,Male,White,United States,United States,United States,English,Yes,DATA_EXPIRED,an-exp2-explanation-easy.csv,323
2023-02-11T23:07:27.728000Z,965,121,English,Yes,20,Male,Black,United States,United States,United States,English,DATA_EXPIRED,Full-Time,an-exp2-explanation-easy.csv,324
2023-02-11T23:42:14.590000Z,613,72,English,Yes,19,Female,White,United States,United States,United States,English,Yes,Unemployed (and job seeking),an-exp2-explanation-easy.csv,325
2023-02-11T23:49:37.664000Z,765,22,"English, Other",Yes,28,Male,Black,Nigeria,United States,Nigeria,English,No,Full-Time,an-exp2-explanation-easy.csv,326
2023-02-12T00:15:44.231000Z,535,124,English,Yes,28,Female,White,United States,United States,United States,English,No,Full-Time,an-exp2-explanation-easy.csv,327
2023-03-21T16:14:58.593000Z,483,277,"English, Lithuanian",Yes,35,Female,White,Lithuania,United States,Lithuania,Lithuanian,No,"Not in paid work (e.g. homemaker', 'retired or disabled)",an-exp2-explanation-easy.csv,328
2023-03-21T16:29:10.118000Z,719,120,"English, Portuguese, Spanish",Yes,18,Male,White,Brazil,United States,Brazil,Portuguese,Yes,Other,an-exp2-explanation-easy.csv,329
2023-03-21T16:30:15.264000Z,596,214,"English, Hindi",Yes,23,Male,Asian,India,United States,India,Hindi,No,Full-Time,an-exp2-explanation-easy.csv,330
2023-03-21T16:52:30.920000Z,1702,129,English,Yes,29,Male,Black,Nigeria,United States,Nigeria,English,No,Other,an-exp2-explanation-easy.csv,331
2023-03-21T16:41:00.530000Z,841,11,English,Yes,26,Male,Asian,India,United States,India,Telugu,Yes,DATA_EXPIRED,an-exp2-explanation-easy.csv,332
2023-03-21T16:49:24.001000Z,1043,21,English,Yes,18,Male,White,United States,United States,Ireland,English,Yes,Unemployed (and job seeking),an-exp2-explanation-easy.csv,333
2023-03-21T16:43:03.823000Z,519,269,English,Yes,25,Male,Asian,United Arab Emirates,United States,Philippines,English,No,Full-Time,an-exp2-explanation-easy.csv,334
2023-03-21T16:45:15.574000Z,409,149,"Chinese, English",Yes,24,Female,Asian,United States,United States,United States,English,No,Full-Time,an-exp2-explanation-easy.csv,335
2023-03-21T16:48:50.025000Z,526,85,English,Yes,28,Male,White,United States,United States,United States,English,No,Part-Time,an-exp2-explanation-easy.csv,336
2023-03-21T16:48:47.868000Z,513,18,English,Yes,33,Female,White,United States,United States,United States,English,No,Unemployed (and job seeking),an-exp2-explanation-easy.csv,337
2023-03-21T16:56:38.292000Z,456,263,"English, Spanish",Yes,20,Female,Black,United States,United States,United States,English,Yes,DATA_EXPIRED,an-exp2-explanation-easy.csv,338
2023-03-21T17:01:12.624000Z,659,198,"English, Tamil",Yes,26,Male,Asian,India,United States,India,Tamil,Yes,Unemployed (and job seeking),an-exp2-explanation-easy.csv,339
2023-03-21T17:04:10.647000Z,627,70,"English, Spanish",Yes,24,Male,White,Colombia,United States,Colombia,Spanish,No,Unemployed (and job seeking),an-exp2-explanation-easy.csv,340
2023-03-21T17:03:53.786000Z,541,161,English,Yes,28,Female,White,United States,United States,United States,English,DATA_EXPIRED,DATA_EXPIRED,an-exp2-explanation-easy.csv,341
2023-03-21T17:05:40.697000Z,661,22,"English, Spanish",Yes,31,Male,Mixed,United States,United States,Puerto Rico,English,No,Unemployed (and job seeking),an-exp2-explanation-easy.csv,342
2023-03-21T17:03:09.560000Z,426,255,English,Yes,28,Female,White,United States,United States,United States,English,Yes,Full-Time,an-exp2-explanation-easy.csv,343
2023-03-21T17:07:48.353000Z,600,91,"Japanese, English",Yes,27,Male,Asian,Korea,United States,Korea,English,No,Unemployed (and job seeking),an-exp2-explanation-easy.csv,344
2023-03-21T17:08:35.665000Z,615,41,English,Yes,37,Female,White,United States,United States,United States,English,No,Part-Time,an-exp2-explanation-easy.csv,345
2023-03-21T17:10:22.962000Z,572,181,English,Yes,22,Female,Asian,China,United States,United States,English,DATA_EXPIRED,DATA_EXPIRED,an-exp2-explanation-easy.csv,346
2023-03-21T17:13:19.517000Z,671,64,English,Yes,36,Female,White,United States,United States,United States,English,No,Unemployed (and job seeking),an-exp2-explanation-easy.csv,347
2023-03-21T17:12:52.970000Z,661,47,English,Yes,27,Male,White,United States,United States,United States,English,No,Unemployed (and job seeking),an-exp2-explanation-easy.csv,348
2023-03-21T17:25:03.117000Z,1284,163,English,Yes,21,Male,Mixed,United States,United States,United States,English,No,Part-Time,an-exp2-explanation-easy.csv,349
2023-03-21T17:19:30.292000Z,603,186,"Russian, English",Yes,34,Female,White,Ukraine,United States,United States,Russian,Yes,Full-Time,an-exp2-explanation-easy.csv,351
2023-03-21T17:49:35.886000Z,2281,173,English,Yes,32,Male,Black,Nigeria,United States,Nigeria,English,Yes,Full-Time,an-exp2-explanation-easy.csv,352
2023-03-21T17:26:36.799000Z,889,67,English,Yes,19,Male,White,United States,United States,United States,English,DATA_EXPIRED,Due to start a new job within the next month,an-exp2-explanation-easy.csv,353
2023-03-21T17:21:37.660000Z,677,209,"English, Portuguese, Spanish",Yes,26,Female,Black,Dominican Republic,United States,United States,Spanish,DATA_EXPIRED,Part-Time,an-exp2-explanation-easy.csv,354
2023-03-21T17:23:56.033000Z,756,148,English,Yes,35,Male,White,United States,United States,United States,English,No,Full-Time,an-exp2-explanation-easy.csv,355
2023-03-21T17:17:48.925000Z,349,253,English,Yes,18,Female,Asian,China,United States,United States,English,No,Part-Time,an-exp2-explanation-easy.csv,356
2023-03-21T17:21:28.689000Z,556,126,English,Yes,34,Male,White,United States,United States,United States,English,No,Full-Time,an-exp2-explanation-easy.csv,357
2023-03-21T17:24:55.019000Z,725,176,"Hindi, English, Nepali, Urdu, Telugu, Punjabi, Other",Yes,39,Male,Asian,India,United States,India,English,No,Full-Time,an-exp2-explanation-easy.csv,358
2023-03-21T17:20:34.285000Z,498,256,"Portuguese, English, Spanish",Yes,24,Male,White,Portugal,United States,Portugal,Portuguese,Yes,Other,an-exp2-explanation-easy.csv,359
2023-03-21T17:23:47.231000Z,631,91,English,Yes,39,Male,White,United States,United States,United States,English,Yes,Full-Time,an-exp2-explanation-easy.csv,360
2023-03-21T17:22:00.148000Z,531,143,English,Yes,46,Female,White,United States,United States,United States,English,No,Part-Time,an-exp2-explanation-easy.csv,361
2023-03-21T17:22:42.876000Z,468,84,English,Yes,26,Female,White,United States,United States,United States,English,Yes,DATA_EXPIRED,an-exp2-explanation-easy.csv,362
2023-03-21T17:28:09.462000Z,600,35,English,Yes,42,Female,White,United States,United States,United States,English,No,"Not in paid work (e.g. homemaker', 'retired or disabled)",an-exp2-explanation-easy.csv,363
2023-03-21T17:25:32.648000Z,388,232,English,Yes,28,Female,White,United States,United States,United States,English,No,Full-Time,an-exp2-explanation-easy.csv,364
2023-03-21T17:30:38.864000Z,622,23,English,Yes,24,Female,White,United States,United States,United States,English,Yes,DATA_EXPIRED,an-exp2-explanation-easy.csv,365
2023-03-21T17:28:50.098000Z,476,130,English,Yes,22,Female,White,United States,United States,United States,English,DATA_EXPIRED,DATA_EXPIRED,an-exp2-explanation-easy.csv,366
2023-03-21T17:27:18Z,370,95,English,Yes,19,Female,Black,United States,United States,United States,English,Yes,Part-Time,an-exp2-explanation-easy.csv,367
2023-03-21T17:32:08.954000Z,401,224,English,Yes,19,Female,Asian,Philippines,United States,United States,English,Yes,Unemployed (and job seeking),an-exp2-explanation-easy.csv,368
