participant_id,feedback_condition,transfer_order,transfer_task_1,transfer_task_2,fsm_number,timestamp,q_difficulty_phase1-visible,q_difficulty_phase1-hidden,q_difficulty_phase2-task1,q_difficulty_phase2-task2,q_comments,q_strategy,subject_age,subject_sex,subject_ethnicity,subject_timeTaken,fsm_type,bug_no_feedback_hidden,passed_threshold
1,control,EP,explanation,prediction,21.0,2023-08-17T15:59:47.908Z,1.0,4.0,4.0,4.0,,Learn the pattern of which emoji comes next when a heart is selected. The thumbs up emoji causes the bot to repeat the previous emoji shown. ,30,Male,White,768,easy,False,True
2,prediction,EC,explanation,control,21.0,2023-08-17T15:55:01.870Z,3.0,4.0,4.0,4.0,None.,Thumbs up is positive reinforcement and blue heart is negative reinforcement. ,21,Male,Black,1197,easy,False,True
3,explanation,PC,prediction,control,21.0,2023-08-17T16:01:15.344Z,3.0,4.0,2.0,3.0,,Pay attention to what makes the chatbot change emojis.,36,Female,White,890,easy,False,True
4,prediction,CE,control,explanation,21.0,2023-08-17T16:00:50.801Z,1.0,2.0,2.0,3.0,,You need to pay attention to the order of emojis that the AI responds with most specifically when you respond with a heart. The AI replicates the previous emoji when you select the thumbs up. ,29,Female,White,1431,easy,False,True
5,control,EP,explanation,prediction,21.0,2023-08-17T16:11:35.549Z,1.0,1.0,2.0,2.0,,Memorise the emojis and which one goes with which,24,Male,Mixed,818,easy,False,True
6,control,EP,explanation,prediction,21.0,2023-08-17T16:15:37.057Z,1.0,2.0,4.0,3.0,,"thumbs up often keeps the emoji the same, the heart changes it. I think there is some pattern as to what the emojis change to after the heart, but I didn't pick it up during this.",20,Male,White,828,easy,False,True
7,control,EP,explanation,prediction,21.0,2023-08-17T16:14:28.627Z,1.0,3.0,4.0,5.0,,Pay attention to the ones you got right and the ones you got wrong and try to figure out a patern.,27,Female,White,1160,easy,False,True
8,explanation,PC,prediction,control,21.0,2023-08-17T16:26:43.723Z,2.0,3.0,4.0,4.0,,I would go with your gut feeling if you do not know.,34,Female,White,930,easy,False,True
9,prediction,CE,control,explanation,21.0,2023-08-17T16:28:10.397Z,1.0,4.0,2.0,2.0,,I would pay close attentiont o the pattern,27,Male,Black,1230,easy,False,True
10,explanation,CP,control,prediction,21.0,2023-08-17T18:04:05.054Z,2.0,2.0,3.0,3.0,,Try to recognize the patterns and which emoji reaction go with which emoji you send.,22,Female,White,709,easy,False,True
11,control,PE,prediction,explanation,21.0,2023-08-17T18:07:08.764Z,1.0,2.0,2.0,4.0,,"The heart emoji seems to change the response to one of four emojis. The thumbs up emoji seems to repeat the previous response if it is either the crying and laughing emoji or the shocked emoji, otherwise it switches to one of these. Based on this information you can make guesses as to what emoji was used to do what.",19,Male,Asian,846,easy,False,True
12,prediction,CE,control,explanation,21.0,2023-08-17T18:08:06.521Z,2.0,4.0,4.0,5.0,,Try and remember where you went wrong and do the opposite next time. ,33,Female,White,1233,easy,False,True
13,explanation,PC,prediction,control,21.0,2023-08-17T18:17:23.686Z,1.0,2.0,2.0,3.0,,Take more time understanding the response of the heart. ,26,Male,White,911,easy,False,True
14,control,EP,explanation,prediction,21.0,2023-08-17T18:18:01.054Z,1.0,2.0,3.0,3.0,,Pay attention to what the heart emoji will do depending on what the last emoji returned by chatbot is.,26,Male,Asian,875,easy,False,True
15,prediction,EC,explanation,control,21.0,2023-08-17T18:16:00.360Z,2.0,4.0,4.0,4.0,,Do not pay attention to the specific emojis and their emotions but rather the patterns that form. ,27,Male,White,1075,easy,False,True
16,prediction,CE,control,explanation,21.0,2023-08-17T18:18:43.819Z,2.0,4.0,3.0,4.0,,Pay attention to patterns,43,Female,White,1016,easy,False,True
17,control,PE,prediction,explanation,21.0,2023-08-17T18:18:12.515Z,1.0,3.0,4.0,2.0,I love this test and if there are more available I would love to be a part of this!,Try to be logical but be open to the patterns that you will encounter. There seems to be several patterns so don't just think about one type. Sometimes it seems like there is a priority over the other pattern however it isn't straight forward.,31,Male,Asian,1032,easy,False,True
18,control,EP,explanation,prediction,21.0,2023-08-17T18:23:10.438Z,1.0,4.0,3.0,4.0,,"I would try as many variations as I could in the first ""test"" minute (in terms of repeating emojis, changing emojis, etc).  Then I would make sure to pay attention to the things I get wrong in the next section to fill in the gaps.",39,Male,White,922,easy,False,True
19,explanation,CP,control,prediction,21.0,2023-08-17T18:21:18.211Z,4.0,4.0,4.0,5.0,"This was absolutely fascinating, thank you!","I tried to identify patterns but failed, and likely only identified half patterns. Convert each emoji to a unique number (1, 2, 3, 4...) and there might be something to see there.",26,Male,White,1088,easy,False,True
20,control,PE,prediction,explanation,21.0,2023-08-17T18:25:12.506Z,2.0,4.0,4.0,4.0,none,Thumbs up is usually a smiley with both eyes shut or a picachu face. A blue heart is usualy a tounge face or sunglasses.,41,Female,White,890,easy,False,True
21,prediction,EC,explanation,control,21.0,2023-08-17T18:13:17.172Z,3.0,4.0,4.0,4.0,"This was difficult, but cool! Have a great day :-).",Make good use of the open chat with the AI in the beginning of the survey. Analyze using the same emoji response twice in a row versus varying emoji responses within each conversation.,35,Female,White,1933,easy,False,True
22,prediction,EC,explanation,control,21.0,2023-08-17T18:27:07.737Z,2.0,3.0,2.0,2.0,,"choose the heart for the weird eye and sunglasses, thumbs up otherwise",42,Female,Mixed,1004,easy,False,True
23,control,EP,explanation,prediction,21.0,2023-08-17T18:25:48.027Z,1.0,4.0,2.0,2.0,,Pay attention to waht leads to what and what maintains ,30,Male,White,1275,easy,False,True
24,control,EP,explanation,prediction,21.0,2023-08-17T18:31:19.932Z,1.0,2.0,3.0,3.0,,Try to remember which emoji's produce a certain reaction.,29,Male,Black,893,easy,False,True
25,control,PE,prediction,explanation,21.0,2023-08-17T18:31:53.170Z,3.0,4.0,3.0,2.0,,Make note of the emoji that occurs after each reaction.,46,Male,White,1097,easy,False,True
26,explanation,CP,control,prediction,21.0,2023-08-17T18:21:29.959Z,4.0,3.0,4.0,4.0,,If you see double icons then the answer will be the same every time. ,39,Female,Mixed,1763,easy,False,True
27,explanation,CP,control,prediction,21.0,2023-08-17T18:25:16.528Z,3.0,3.0,4.0,5.0,,"In the learining phase at the beginning, pay close attention to not only how the chatbot repsonds to individual emojis, but different sequences of emojis.",36,Female,White,2215,easy,False,True
28,control,PE,prediction,explanation,21.0,2023-08-17T18:40:08.925Z,1.0,2.0,2.0,2.0,,I would advise them to memorize the patterns of what leads to what with what. ,23,Female,White,1245,easy,False,True
29,control,PE,prediction,explanation,21.0,2023-08-17T18:44:46.090Z,3.0,4.0,4.0,4.0,,"Try to recognize the patterns, otherwise just make your best guess. Notice that the thumbs up often results in a surprised emoji.",31,Male,Mixed,946,easy,False,True
30,control,PE,prediction,explanation,21.0,2023-08-17T18:40:58.684Z,4.0,4.0,3.0,3.0,,There's no real rhyme nor reason to the chatbot's responses. Just guess the best that you can.,43,Female,Black,1226,easy,False,True
31,prediction,EC,explanation,control,21.0,2023-08-17T18:42:44.164Z,2.0,4.0,3.0,4.0,,Pay attention to the pattern of responses.  during trial learning phases try out as many different responses as you can.,47,Female,White,1474,easy,False,True
32,prediction,EC,explanation,control,21.0,2023-08-17T18:51:14.034Z,3.0,3.0,4.0,4.0,,Do your best and try to stick to one pattern even if its confusing lol,34,Male,White,982,easy,False,True
33,control,EP,explanation,prediction,21.0,2023-08-17T18:51:24.925Z,1.0,4.0,2.0,3.0,,"pay attention to how the emojis  the ai uses in response to your emojis, how it responds also depends on the previous two emojis you used.",31,Female,Mixed,1089,easy,False,True
34,control,EP,explanation,prediction,21.0,2023-08-17T18:52:14.691Z,1.0,4.0,2.0,4.0,,I tried to remember most of the messages I had with the chatbox earlier,23,Male,DATA_EXPIRED,1250,easy,False,True
35,prediction,CE,control,explanation,21.0,2023-08-17T18:47:22.561Z,3.0,5.0,2.0,2.0,,I would suggest looking at the emoji and seeing if you can detect any patterns as you go. ,41,Female,White,1423,easy,False,True
36,explanation,CP,control,prediction,21.0,2023-08-17T18:55:38.991Z,2.0,3.0,2.0,3.0,,"Multiple thumbs up in a row tend to give surprised faces, while multiple hearts in a row tend to cycle through the three others",39,Female,White,1043,easy,False,True
37,prediction,CE,control,explanation,21.0,2023-08-17T18:53:24.416Z,2.0,4.0,2.0,2.0,,Try to figure out what emoji triggers what. Its difficult so come up with your own way of trial and error.,47,Female,White,1278,easy,False,True
38,control,EP,explanation,prediction,21.0,2023-08-17T18:58:30.417Z,2.0,3.0,1.0,3.0,,Going with your gut is best as your brain can remember patterns unconsciously. ,24,Female,White,1131,easy,False,True
39,explanation,CP,control,prediction,21.0,2023-08-17T19:03:26.730Z,2.0,3.0,4.0,4.0,,Just try to memorize some patterns,36,Male,Asian,840,easy,False,True
40,prediction,CE,control,explanation,21.0,2023-08-17T19:10:26.808Z,2.0,3.0,4.0,4.0,,"It's really hard for me to put into words. Just try and find a pattern, I guess.",33,Male,White,760,easy,False,True
41,control,EP,explanation,prediction,21.0,2023-08-17T18:54:48.213Z,2.0,4.0,3.0,3.0,,Observing the first and last emoji before making a choice. A pair combination matches with a blue heart.,28,Female,Black,1743,easy,False,True
43,control,EP,explanation,prediction,21.0,2023-08-17T19:04:54.911Z,2.0,2.0,4.0,4.0,,I studied the pattern of behavior by the chatbot in response to the emoji sent to me. I made my predictions based on this pattern and my gut feeling.,40,Male,White,1374,easy,False,True
44,control,PE,prediction,explanation,21.0,2023-08-17T19:12:09.397Z,2.0,3.0,4.0,5.0,,pay careful attention when interacting with the chat bot. Learn the different sequences of emojis and how it interacts to them.,25,Male,White,1125,easy,False,True
45,explanation,PC,prediction,control,21.0,2023-08-17T19:10:42.657Z,4.0,3.0,4.0,4.0,,I would advise to pay a lot of attention and see if you can see any patterns. ,31,Female,Black,1150,easy,False,True
46,control,PE,prediction,explanation,21.0,2023-08-17T19:19:25.964Z,2.0,3.0,2.0,3.0,,Look at the pattern of the chatbot emoji.,36,Female,Black,923,easy,False,True
47,prediction,CE,control,explanation,21.0,2023-08-17T19:22:38.448Z,2.0,4.0,4.0,4.0,Thank you.,I would say to try your best to learn early on. I would also say to not let the short time limit panic you.,42,Female,White,1020,easy,False,True
48,explanation,PC,prediction,control,21.0,2023-08-17T19:23:15.060Z,3.0,3.0,3.0,4.0,,"In the first part, CB seems to like the blue heart and sometimes make a tongue face after you use it. For the rest of the show, godspeed, good luck, I got zero advice for you. ",42,Female,White,1006,easy,False,True
49,prediction,CE,control,explanation,21.0,2023-08-17T19:23:40.790Z,1.0,2.0,2.0,3.0,,Pay attention to patterns and conditional settings. ,34,Female,White,960,easy,False,True
51,control,PE,prediction,explanation,21.0,2023-08-17T19:30:16.467Z,3.0,3.0,4.0,4.0,,Try to remember as much as possible from the feedback stages and answer intuitively in the stages that don't provide feedback.,31,Male,White,677,easy,False,True
52,explanation,CP,control,prediction,21.0,2023-08-17T19:30:25.340Z,2.0,2.0,3.0,3.0,,It seemed random so I'm not sure I could give strategy advice.,39,Female,White,697,easy,False,True
53,prediction,CE,control,explanation,21.0,2023-08-17T19:23:00.873Z,2.0,4.0,3.0,3.0,,Try to learn the patterns of how the chat reacts. Like learn how it usually reacts when you give the same reaction twice versus once.,25,Female,White,1338,easy,False,True
54,control,EP,explanation,prediction,21.0,2023-08-17T19:27:37.945Z,2.0,2.0,2.0,2.0,,Take notes from the practice trials to see what faces come up with the heart and how they appear in a pattern.,38,Female,White,1056,easy,False,True
55,control,PE,prediction,explanation,21.0,2023-08-17T19:23:07.151Z,1.0,3.0,2.0,2.0,Thanks!,The only thing I really saw is that the heart tended to change the following face more often than not and the thumbs up usually put a surprised face,40,Female,White,1303,easy,False,True
56,control,PE,prediction,explanation,21.0,2023-08-17T19:32:09.686Z,1.0,3.0,3.0,3.0,,I would advise them to study the response pattern of the chat bot and memorize them.,20,Male,Asian,833,easy,False,True
57,prediction,EC,explanation,control,21.0,2023-08-17T19:22:37.965Z,2.0,4.0,2.0,3.0,,Pay close attention. Don't be around distractions,27,Female,White,1438,easy,False,True
58,explanation,CP,control,prediction,21.0,2023-08-17T19:28:25.163Z,4.0,4.0,4.0,4.0,,"Try to pay attention to any patterns, remember what was shown before.",29,Female,Other,1089,easy,False,True
59,explanation,CP,control,prediction,21.0,2023-08-17T19:33:00.785Z,2.0,1.0,3.0,4.0,,See if you can figure out what makes the bot's responses change when you select the heart. There seems to be a pattern.,41,Female,White,874,easy,False,True
60,prediction,EC,explanation,control,21.0,2023-08-17T19:31:28.822Z,2.0,2.0,3.0,3.0,,rely on your intuition.,30,Male,Black,1056,easy,False,True
61,prediction,CE,control,explanation,21.0,2023-08-17T19:33:27.999Z,1.0,2.0,3.0,3.0,,Try to predict how the different emojis provoke a certain response when they are presented in a specific order,44,Female,White,853,easy,False,True
62,prediction,CE,control,explanation,21.0,2023-08-17T19:32:17.422Z,2.0,3.0,4.0,5.0,I'd be interested in seeing a debrief of how the bot actually responded in each configuration. Thanks for the chance to participate!,The thumbs up emoji seems more likely than not to sustain the current response. The blue heart emoji seems to cycle to a new response.,38,Male,White,947,easy,False,True
63,control,PE,prediction,explanation,21.0,2023-08-17T19:31:29.018Z,1.0,4.0,2.0,2.0,,"Try to see and learn patterns whenever possible. Even if they may not be fully correct, you will be able to understand how to make it work.",22,Male,White,956,easy,False,True
64,control,PE,prediction,explanation,21.0,2023-08-17T19:33:00.210Z,1.0,2.0,2.0,4.0,,"Thumbs keep things the same, hearts change things. But previous emojis also play some weird nebulous role that I don't understand.",34,Male,White,892,easy,False,True
65,control,EP,explanation,prediction,21.0,2023-08-17T19:29:25.597Z,2.0,4.0,2.0,4.0,,Document your results from the beginning test phase and use those to inform your decisions in the rest of the study. Look closely for patterns.,36,Female,Mixed,1110,easy,False,True
66,control,EP,explanation,prediction,21.0,2023-08-17T19:29:30.067Z,1.0,3.0,3.0,4.0,Everything worked very well indeed. ,"I would vary the inputs more on the training stage, but also make a strong effort to memorize the sequence of changes that occur both within and without the training stage. I imagine the prediction stage would be much less difficult given more of this knowledge. ",31,Male,White,1107,easy,False,True
67,explanation,PC,prediction,control,21.0,2023-08-17T19:26:25.300Z,3.0,2.0,2.0,2.0,"I had an incredibly hard time with this! Thought I'd do a lot better. I'm usually good with patterns and such but I don't know, this was confusing",Pay attention to the blue hearts and the surprise emoji and try to do better than I did,40,Female,White,1341,easy,False,True
68,control,PE,prediction,explanation,21.0,2023-08-17T19:33:26.321Z,2.0,3.0,3.0,3.0,,Pay attention to the first and second reaction. It's not as simple as the emoji being tied to one of the messages.,37,Male,Black,1098,easy,False,True
69,explanation,CP,control,prediction,21.0,2023-08-17T19:14:04.607Z,2.0,2.0,2.0,2.0,,"try to find a pattern, some are easy to spot some arent",36,Male,White,2145,easy,False,True
70,control,PE,prediction,explanation,21.0,2023-08-17T19:36:38.803Z,1.0,2.0,2.0,2.0,,I would advise to trust your instincts and try to follow the pattern as closely as you can. It gets easier to predict the outcome the more you recognize patterns.,24,Female,White,842,easy,False,True
71,control,EP,explanation,prediction,21.0,2023-08-17T19:33:43.208Z,1.0,2.0,3.0,3.0,,Try and identify the patterns.,32,Male,White,1208,easy,False,True
72,control,EP,explanation,prediction,21.0,2023-08-17T19:36:47.422Z,2.0,2.0,2.0,2.0,,I didn't have a strategy and just went with my intuition so I would say do the same.,37,Male,White,976,easy,False,True
73,control,EP,explanation,prediction,21.0,2023-08-17T19:34:04.102Z,2.0,4.0,3.0,4.0,,"Pay close attention, but you may not be able to predict, so just go with your gut.",45,Female,White,1158,easy,False,True
74,prediction,CE,control,explanation,21.0,2023-08-17T19:27:13.126Z,2.0,2.0,4.0,4.0,,I used my instincts and a bit of pattern from the responses of the chatbot.,34,Male,Black,2957,easy,False,True
75,prediction,EC,explanation,control,21.0,2023-08-17T19:36:23.606Z,4.0,4.0,3.0,3.0,,Really focus on instructions,34,Male,White,986,easy,False,True
76,control,EP,explanation,prediction,21.0,2023-08-17T19:39:42.232Z,1.0,1.0,1.0,1.0,thank you,I would say to just go with the gut and decide which one.,43,Male,White,1049,easy,False,True
77,control,PE,prediction,explanation,21.0,2023-08-17T19:41:11.108Z,3.0,3.0,2.0,4.0,,Just try to remember what the bot was doing in the practice rounds and you should be fine,30,Male,Black,2095,easy,False,True
78,explanation,PC,prediction,control,21.0,2023-08-17T19:41:03.325Z,1.0,2.0,3.0,3.0,,Analyze as many pattern variations as possible. Don't guess too blindly.,24,Male,Mixed,871,easy,False,True
79,explanation,CP,control,prediction,21.0,2023-08-17T19:35:33.761Z,2.0,3.0,3.0,4.0,,"Don't repeat the same response more than twice, pay attention to both the response to the message above and the most recent message",21,Male,White,1333,easy,False,True
80,prediction,EC,explanation,control,21.0,2023-08-17T19:40:14.289Z,3.0,5.0,4.0,4.0,,"I wouldn't know what to advise, this chatbot is too vague.",21,Male,Black,1360,easy,False,True
81,control,PE,prediction,explanation,21.0,2023-08-17T19:37:47.568Z,2.0,3.0,3.0,3.0,,I would try to at first practice and see the reactions. Try to see a pattern in the emoji's.,47,Female,White,1480,easy,False,True
82,prediction,EC,explanation,control,21.0,2023-08-17T19:39:47.735Z,1.0,3.0,3.0,3.0,,"I would advise to really pay attention. For the most part, the heart will be a surprised face, but I sometimes noticed not. There are some patterns to look for.",33,Female,White,1884,easy,False,True
83,prediction,CE,control,explanation,21.0,2023-08-17T19:44:47.698Z,2.0,2.0,3.0,3.0,,Make a mental note of the reactions.,36,Male,White,1343,easy,False,True
84,explanation,PC,prediction,control,21.0,2023-08-17T19:38:51.995Z,2.0,4.0,3.0,4.0,,"I would probably tell them that the heart seems to have more influence on the initial response, and reacts to different emojis in different ways. I would also tell them to pay attention to the responses the thumbs up and heart illicit separately, but I could be wrong.",19,Male,White,2137,easy,False,True
86,explanation,PC,prediction,control,21.0,2023-08-17T19:37:29.794Z,3.0,3.0,2.0,2.0,,"I really had no set strategy, so I can offer no advice.",47,Female,White,2605,easy,False,True
87,explanation,CP,control,prediction,21.0,2023-08-17T19:54:44.633Z,3.0,3.0,3.0,3.0,,I did not learn the pattern.,47,Male,White,1600,easy,False,True
89,prediction,EC,explanation,control,21.0,2023-08-17T21:46:43.801Z,2.0,4.0,2.0,2.0,,Pay attention to the pattern order of which responses come after which emoji.,44,Male,White,1069,easy,False,True
90,explanation,PC,prediction,control,21.0,2023-08-17T21:58:58.273Z,3.0,4.0,4.0,5.0,,Try to find patterns,22,Male,White,773,easy,False,True
91,explanation,CP,control,prediction,21.0,2023-08-17T21:59:03.963Z,1.0,2.0,4.0,4.0,,Try to remember the patterns. Utilize your trial run wisely.,31,Female,White,879,easy,False,True
92,explanation,PC,prediction,control,21.0,2023-08-17T22:03:10.061Z,2.0,2.0,2.0,3.0,,heart makes the emoji change. thumbs up makes it revert or stay the same. watch for pairs and mismatches.,47,Male,White,1103,easy,False,True
93,explanation,PC,prediction,control,21.0,2023-08-17T22:04:31.435Z,4.0,2.0,3.0,4.0,thanks!,Pay close attention to each question independently of the others. It didn't appear to necessarily follow the same as the practice round.,35,Male,Asian,1014,easy,False,True
94,explanation,CP,control,prediction,21.0,2023-08-17T22:02:47.070Z,2.0,3.0,4.0,4.0,,Think about the emoji orders as an actual conversation!,21,Female,White,1205,easy,False,True
95,prediction,EC,explanation,control,21.0,2023-08-17T22:10:56.492Z,2.0,3.0,3.0,4.0,,"Generally, I think the thumbs up is less likely to change the response than the heart. I noticed multiple thumbs-ups in a row can result in repetitive responses back-to-back.",34,Male,White,1004,easy,False,True
96,prediction,EC,explanation,control,21.0,2023-08-17T22:16:14.545Z,1.0,2.0,3.0,4.0,,"I thought that the thumbs up emoji elicited the same response and the blue heart emoji changed the reaction, but the rules seemed to change as the tests got more elaborate. ",27,Female,Mixed,955,easy,False,True
97,explanation,PC,prediction,control,21.0,2023-08-17T22:09:57.267Z,3.0,4.0,4.0,4.0,Thank you!,Exceptional memorization skills and pattern each question after another making sure you understand the similarities and quantify them as you go on in the study. Do not forget even the slightest difference between emojis.,26,Male,Mixed,1303,easy,False,True
98,prediction,CE,control,explanation,21.0,2023-08-17T22:15:46.967Z,1.0,4.0,3.0,3.0,,"The emojis come in a pattern is a heart is stated.  If the open face emoji appears, a thumbs up with continue with the same one.",26,Female,White,1000,easy,False,True
99,explanation,PC,prediction,control,21.0,2023-08-17T22:22:04.650Z,1.0,2.0,3.0,4.0,,I would advise to pay extra attention to which emoji you send provokes to AI to respond with only one emoji. There were more unpredictable answers when I would send a heart vs when I would send a thumbs up.,21,Female,Mixed,805,easy,False,True
100,explanation,PC,prediction,control,21.0,2023-08-17T22:18:26.409Z,5.0,5.0,5.0,5.0,,I genuinely have no idea,28,Male,Mixed,1116,easy,False,True
101,explanation,PC,prediction,control,21.0,2023-08-17T22:11:27.012Z,3.0,4.0,4.0,4.0,,"Try using memorization of the emojis. Also, the heart emoji gets more different emoji responses from the chatbot than the thumbs up emoji.",44,Male,White,1728,easy,False,True
102,explanation,CP,control,prediction,21.0,2023-08-17T22:25:03.488Z,3.0,3.0,4.0,4.0,,Try to create certain rules of response based on patterns that you find,22,Female,White,817,easy,False,True
103,explanation,CP,control,prediction,21.0,2023-08-17T22:20:28.964Z,3.0,3.0,3.0,3.0,interesting! ,I can't really say I have any advice to give. I guess just really watch what responses you get and try to remember those. ,37,Female,White,1085,easy,False,True
104,prediction,CE,control,explanation,21.0,2023-08-17T22:20:29.681Z,2.0,3.0,2.0,2.0,,See what results repeats of each emoji gives first. Then alternate in a way that's easy to remember.,28,Male,Mixed,1037,easy,False,True
105,prediction,CE,control,explanation,21.0,2023-08-17T22:26:05.637Z,1.0,3.0,3.0,5.0,,Try to remember the cause and effect from previous chat interactions,28,Female,White,773,easy,False,True
107,explanation,PC,prediction,control,21.0,2023-08-17T22:21:20.799Z,4.0,4.0,2.0,4.0,,i would advise looking for patterns starting from the bottom up. see how each face will respond to the duo of answers,22,Female,White,1133,easy,False,True
108,prediction,CE,control,explanation,21.0,2023-08-17T22:19:40.301Z,3.0,2.0,3.0,3.0,Nothing technical went wrong from what I can tell. Overall very interesting study to take place in. I think it was the second portion where I was getting them consistently correct for a good while & I really couldnt even explain why. ,"Honestly, Im not even sure. Part of it feels almost borderline random, but theres clearly some kind of pattern in terms of how it responds to multiple of the same emoji. It feels like a gut instinct on which answer to select that I cant quite explain. ",35,Male,White,1401,easy,False,True
109,prediction,EC,explanation,control,21.0,2023-08-17T22:25:07.152Z,5.0,5.0,5.0,5.0,,just guess,39,Male,White,1189,easy,False,True
110,prediction,CE,control,explanation,21.0,2023-08-17T22:22:54.458Z,2.0,4.0,4.0,4.0,,I would advise my friends to pay attention to the pattern of reactions based on what emoji they send,29,Male,Mixed,1591,easy,False,True
111,explanation,CP,control,prediction,21.0,2023-08-17T22:22:58.133Z,3.0,5.0,4.0,4.0,Thanks for letting me participate!,I think the open-mouth one is related to sending a thumbs up emoji in some way. Maybe the heart cycles the emojis and the thumbs up increases the chance of keeping the same one.,25,Male,White,1490,easy,False,True
112,prediction,CE,control,explanation,21.0,2023-08-17T22:28:49.695Z,3.0,4.0,1.0,2.0,,It's best to try different patterns in the begging so you can guess better later on.,32,Female,Black,1325,easy,False,True
113,prediction,EC,explanation,control,21.0,2023-08-17T22:21:18.021Z,3.0,4.0,4.0,4.0,,"There's some sort of order to the emojis, and it goes forward with certain messages or repeats sometimes.",34,Male,White,2056,easy,False,True
114,prediction,CE,control,explanation,21.0,2023-08-17T22:38:59.374Z,2.0,4.0,2.0,4.0,,Try to look for patterns but make your first guess,37,Female,White,985,easy,False,True
115,prediction,CE,control,explanation,21.0,2023-08-17T22:32:14.890Z,3.0,4.0,3.0,4.0,,I would advise taking note of which emojis come from certain emojis and trying to discern the patterns.,31,Female,White,1478,easy,False,True
116,prediction,EC,explanation,control,21.0,2023-08-17T22:36:24.903Z,2.0,3.0,2.0,3.0,Would love to know how the chatbot was programmed or if it was all random! ,Try to memorize what emojis the chatbot responds with and do it 3 x to see if your method is accurate. ,30,Female,Asian,1277,easy,False,True
117,explanation,PC,prediction,control,21.0,2023-08-17T22:41:10.035Z,3.0,4.0,5.0,5.0,,go with your gut because the answers seem completely randomized,22,Female,White,1080,easy,False,True
118,explanation,PC,prediction,control,21.0,2023-08-17T22:51:42.982Z,1.0,2.0,4.0,4.0,,Pay attention to the chatbot's emoji before also,46,Female,White,962,easy,False,True
120,control,PE,prediction,explanation,22.0,2023-08-18T14:33:43.529Z,2.0,4.0,4.0,4.0,,Try to see if there is a pattern to follow. Pick on intuition if it starts to not make sense via pattern.,36,Female,White,1081,hard,False,True
121,control,PE,prediction,explanation,22.0,2023-08-18T14:48:48.092Z,2.0,3.0,3.0,3.0,,"I have NO idea, I did this terribly. ",37,Female,White,1109,hard,False,True
122,prediction,CE,control,explanation,22.0,2023-08-18T14:56:06.664Z,2.0,4.0,3.0,4.0,,Pay attention to the blue heart in relation to when the surprised emoji shows up. The thumbs up seems to randomly transition the emoji shown. ,25,Male,Asian,656,hard,False,True
124,prediction,CE,control,explanation,22.0,2023-08-18T14:58:53.436Z,2.0,4.0,3.0,3.0,,Double blue hearts usually mean that the emojis will be the same. ,30,Male,Asian,939,hard,False,True
126,prediction,CE,control,explanation,22.0,2023-08-18T14:48:42.522Z,3.0,3.0,4.0,4.0,,"I think when there is a wow face and you wend a heart it will always say wow back. And after blue heart wow, if you send thumbs up it will be sunglasses face. The rest I'm not sure. It's best to look for patterns. ",29,Female,White,1770,hard,False,True
128,control,PE,prediction,explanation,22.0,2023-08-18T15:04:48.462Z,4.0,4.0,4.0,5.0,,I really don't even know what to tell them because it didn't really make sense to me. I guess the most i could tell them is to try and memorize which emoji is before a specific emoji answer i guess.,26,Male,Black,1047,hard,False,True
129,control,PE,prediction,explanation,22.0,2023-08-18T16:16:52.988Z,4.0,3.0,4.0,2.0,,"Try to memorize the patterns, it is important to look at all of the messages.",22,Female,White,1106,hard,False,True
130,prediction,EC,explanation,control,22.0,2023-08-18T16:16:09.772Z,3.0,2.0,2.0,2.0,,Try more combinations of emojis during the testing phase and try to figure out if there are any patterns based on the feedback you get in phase 2.,22,Female,Asian,1189,hard,False,True
131,prediction,EC,explanation,control,22.0,2023-08-18T16:20:29.598Z,3.0,4.0,3.0,4.0,Thanks for this. It was weird but fun,Look for patterns based on sequences. Some emojis will appear consecutively depending on your responses,35,Male,White,974,hard,False,True
132,control,EP,explanation,prediction,22.0,2023-08-18T16:20:03.436Z,1.0,3.0,3.0,3.0,,Try out several variations in the very first testing phase and be careful to note how patterns develop,22,Female,Other,1115,hard,False,True
134,prediction,CE,control,explanation,22.0,2023-08-18T16:28:24.536Z,3.0,4.0,4.0,4.0,,"I would try to remember which emojis from you were associated with which emojis from the chatbot, and how often they yielded certain results.",20,Female,Asian,876,hard,False,True
135,control,EP,explanation,prediction,22.0,2023-08-18T16:28:14.099Z,2.0,3.0,3.0,4.0,Amazing study! I really enjoyed it!,"Observe long term patterns between emoji selection by the bot, rather than singular reactions",29,Male,Mixed,1083,hard,False,True
137,prediction,CE,control,explanation,22.0,2023-08-18T16:41:03.820Z,3.0,2.0,4.0,3.0,,Pay attention to the patterns in the example.  Note when the second response is a blue heart.,31,Male,White,849,hard,False,True
139,prediction,EC,explanation,control,22.0,2023-08-18T16:45:53.733Z,3.0,4.0,4.0,4.0,,"Make the best use of the beginning stage where you can experiment with how the bot works. Also, most of the time when you reply with a heart on the second response, it'll be an :o emoji.",28,Female,White,742,hard,False,True
140,prediction,CE,control,explanation,22.0,2023-08-18T16:38:21.837Z,3.0,4.0,4.0,5.0,,Try to observe patterns. ,43,Male,White,1358,hard,False,True
141,control,PE,prediction,explanation,22.0,2023-08-18T16:42:16.897Z,3.0,3.0,3.0,3.0,,Try to write down the responses and take the test slowly. Some analyses of the response pattern might help.,37,Male,Asian,1111,hard,False,True
143,control,EP,explanation,prediction,22.0,2023-08-18T16:40:25.648Z,2.0,4.0,4.0,4.0,,"The best strategy would be to remember as many correct patterns as possible as there are only so many possible combinations of emojis. There are some outcomes that are generally consistent, so banking on those is the best best. ",26,Male,White,1344,hard,False,True
145,control,PE,prediction,explanation,22.0,2023-08-18T16:45:39.642Z,3.0,5.0,4.0,4.0,,"To look for patterns in what affects the emoji responses, preceding and coming after each type.",27,Male,White,1084,hard,False,True
146,control,EP,explanation,prediction,22.0,2023-08-18T16:50:28.826Z,2.0,3.0,3.0,3.0,,pay close attention to the order you press them in the start phase and the responses,36,Male,White,807,hard,False,True
148,prediction,EC,explanation,control,22.0,2023-08-18T16:45:20.569Z,3.0,4.0,2.0,4.0,,I would recognize which patterns occur and then mentally notate this for referencing ,23,Female,Mixed,1240,hard,False,True
150,prediction,EC,explanation,control,22.0,2023-08-18T16:48:33.812Z,2.0,3.0,4.0,4.0,,"I would advise them to try and focus on what response it generated by the last message. That way they will be right some of the time. Otherwise, it seems random and like guessing.",41,Male,White,1096,hard,False,True
151,control,EP,explanation,prediction,22.0,2023-08-18T16:42:36.255Z,2.0,3.0,3.0,3.0,,To look for patterns that will help you ,25,Male,White,1475,hard,False,True
152,prediction,CE,control,explanation,22.0,2023-08-18T16:43:00.293Z,2.0,4.0,3.0,3.0,,"I think the best strategy to doing well in this study, would be to try to remember each type of sequences. Whether a thumbs or heart will give you certain reaction.  Mainly just memorizing each equations in a sense. ",39,Female,White,1480,hard,False,True
153,control,EP,explanation,prediction,22.0,2023-08-18T16:51:23.332Z,1.0,3.0,3.0,3.0,,Look at the first emoji,39,Female,Mixed,967,hard,False,True
156,prediction,CE,control,explanation,22.0,2023-08-18T16:44:51.160Z,1.0,2.0,1.0,2.0,Harder than I thought it was going to be!,"Be careful with the testing phase, don't waste it.",31,Male,White,2124,hard,False,True
159,control,PE,prediction,explanation,22.0,2023-08-18T16:54:59.286Z,1.0,3.0,2.0,2.0,,Pay attention to patterns,25,Female,Mixed,1026,hard,False,True
160,prediction,CE,control,explanation,22.0,2023-08-18T16:57:41.993Z,3.0,4.0,2.0,2.0,,Try to pay attention to the reactions to the heart or the thumbs up for each emojii,41,Female,White,958,hard,False,True
164,control,PE,prediction,explanation,22.0,2023-08-18T16:59:47.404Z,4.0,4.0,4.0,5.0,,Try to memorize the patterns. Good luck though because it seems nearly impossible.,35,Male,White,1103,hard,False,True
167,prediction,CE,control,explanation,22.0,2023-08-18T17:03:06.460Z,1.0,3.0,2.0,3.0,,"If a friend is trying to achieve high accuracy, I would advise that you should pay attention to the first emoji the chatbot sends, because it sets the tone and the mood of the interaction.",26,Female,Asian,1104,hard,False,True
168,control,EP,explanation,prediction,22.0,2023-08-18T17:07:29.848Z,3.0,4.0,4.0,4.0,,Having good focus and ability to see patterns ,44,Female,White,811,hard,False,True
171,prediction,EC,explanation,control,22.0,2023-08-18T17:00:54.584Z,3.0,4.0,4.0,4.0,,Understand the patterns as you go through your attempts. Certain emojis are only used in response to specific ones.,23,Female,Mixed,1500,hard,False,True
174,control,PE,prediction,explanation,22.0,2023-08-18T17:17:36.018Z,1.0,2.0,1.0,1.0,,"Make sure you try different combinations of emojis in the trial period, so you can see how the bot responds to multiple of the same emoji.",32,Female,White,804,hard,False,True
175,control,PE,prediction,explanation,22.0,2023-08-18T17:18:33.814Z,2.0,3.0,4.0,1.0,,Try to find the pattern between your responses and theirs.,33,Female,White,887,hard,False,True
176,control,EP,explanation,prediction,22.0,2023-08-18T17:18:50.135Z,2.0,3.0,3.0,4.0,,"I would say do combos in the practice, it's about more than just the emoji before.",31,Male,White,882,hard,False,True
177,prediction,EC,explanation,control,22.0,2023-08-18T17:14:10.468Z,1.0,4.0,3.0,3.0,,im not sure what strategy i could advice because it was a little confusing for me ,32,Female,White,1123,hard,False,True
178,control,EP,explanation,prediction,22.0,2023-08-18T17:17:14.628Z,2.0,4.0,3.0,3.0,,Try to find patterns but also listen to your gut. ,43,Female,White,1018,hard,False,True
179,control,EP,explanation,prediction,22.0,2023-08-18T17:18:33.383Z,3.0,4.0,5.0,4.0,This was so difficult but I enjoyed it!,Try to establish patterns. Focus on which combinations cause certain emojis. ,26,Female,Black,1079,hard,False,True
180,control,PE,prediction,explanation,22.0,2023-08-18T17:17:23.528Z,1.0,3.0,2.0,4.0,,I would advise them to look at the previous messages compared to the last one. ,40,Female,White,1026,hard,False,True
182,control,PE,prediction,explanation,22.0,2023-08-18T17:17:19.609Z,2.0,4.0,4.0,4.0,,Take your time in the practice phase and try not to repeat your responses.,28,Male,White,1191,hard,False,True
183,control,PE,prediction,explanation,22.0,2023-08-18T17:24:21.304Z,1.0,5.0,4.0,4.0,Horrible patterns,"Guess and try to recognize patterns, because it is completely inconsistent ",24,Male,White,977,hard,False,True
184,control,EP,explanation,prediction,22.0,2023-08-18T17:28:01.918Z,4.0,2.0,4.0,5.0,,Try to memorize the patterns. ,21,Female,White,858,hard,False,True
190,prediction,EC,explanation,control,22.0,2023-08-18T17:22:26.049Z,3.0,3.0,2.0,2.0,,"to pay attention to the emoji ,and select the emoji that represent your emotions in the moment the most. ",37,Female,White,1601,hard,False,True
192,control,EP,explanation,prediction,22.0,2023-08-18T17:26:44.647Z,2.0,4.0,2.0,3.0,N/a,"Pay attention if the first and last bot message are matching, if so use matching response",24,Male,White,1251,hard,False,True
193,control,EP,explanation,prediction,22.0,2023-08-18T17:25:38.924Z,3.0,4.0,4.0,4.0,,"Try to find patterns from prior responses. For example, it seemed like the shocked face was often the response after a blue heart. ",43,Female,White,1370,hard,False,True
195,prediction,CE,control,explanation,22.0,2023-08-18T17:32:41.192Z,1.0,4.0,3.0,4.0,,"The sunglasses emoji seems to come out almost exclusively with the thumbs up emoji, the wacky emoji appears to be a transition emoji when you change your answers, and the surprised emoji appears almost exclusively with the heart.",26,Male,Mixed,952,hard,False,True
196,prediction,EC,explanation,control,22.0,2023-08-18T17:30:39.510Z,3.0,4.0,2.0,2.0,,To try to pay attention on the initial task and see if there are any patterns.,36,Female,White,1150,hard,False,True
197,control,EP,explanation,prediction,22.0,2023-08-18T17:36:00.460Z,2.0,1.0,3.0,4.0,,pay attention to two emojis and how they react to each the heart/thumb and from there you can gauge which will react with which at a relatively decent frequency.,23,Male,White,814,hard,False,True
199,prediction,EC,explanation,control,22.0,2023-08-18T17:30:04.576Z,2.0,3.0,3.0,4.0,"Thank you guys! This was a fun task. I'm not going to lie, I thought I had gotten better at it than I did, though. lol","I would recommend trying to find a pattern with the responses. I noticed that the heart would not change a surprised face on it's own usually. As far as the ones that had hidden responses, it took a lot longer, but I think there were still patterns.",38,Female,White,1285,hard,False,True
200,control,EP,explanation,prediction,22.0,2023-08-18T17:31:21.267Z,3.0,2.0,2.0,2.0,,NO IDEA,23,Male,Black,3250,hard,False,True
202,prediction,CE,control,explanation,22.0,2023-08-18T17:35:05.599Z,3.0,4.0,5.0,5.0,,Try to memorize patterns,20,Male,Other,1203,hard,False,True
204,control,EP,explanation,prediction,22.0,2023-08-18T18:03:59.328Z,3.0,3.0,2.0,2.0,no comments,"went with best choice, went with gut.",35,Male,Black,1391,hard,False,True
205,prediction,CE,control,explanation,22.0,2023-08-18T17:39:58.716Z,2.0,2.0,4.0,5.0,,I would advise to remember the sequences that show up to use them as information to help answer the questions.,29,Male,Asian,2873,hard,False,True
208,explanation,CP,control,prediction,22.0,2023-08-19T12:09:13.758Z,2.0,4.0,3.0,3.0,,I honestly don't know if I even had a strategy that is articulable. ,39,Male,White,991,hard,False,True
209,explanation,PC,prediction,control,22.0,2023-08-19T12:09:22.113Z,5.0,4.0,4.0,4.0,,I would advice them to try to look for patterns. This will increase the likelihood of success.,38,Male,White,1125,hard,False,True
210,explanation,PC,prediction,control,22.0,2023-08-19T12:09:55.956Z,5.0,4.0,4.0,4.0,,Try to imagine the bot has feelings when responding to your emoji.,34,Female,Asian,1163,hard,False,True
213,explanation,PC,prediction,control,22.0,2023-08-19T12:23:13.381Z,4.0,2.0,3.0,3.0,Thank you! ,"The only strategy I have and could give advice on is to use your instinct. I was unable to really recognize any kind of pattern, it all felt pretty random to me so just go with your gut.",35,Female,White,1508,hard,False,True
214,explanation,PC,prediction,control,22.0,2023-08-19T12:29:35.377Z,4.0,4.0,4.0,4.0,,The only pattern I noticed was thumbs up giving sunglasses so good luck.,31,Female,White,1013,hard,False,True
215,explanation,PC,prediction,control,22.0,2023-08-19T12:40:18.200Z,3.0,4.0,4.0,4.0,,Try to remember the pattern used when answering. ,36,Male,White,891,hard,False,True
216,explanation,CP,control,prediction,22.0,2023-08-19T12:36:40.319Z,4.0,4.0,4.0,4.0,,Try to memorize any patterns you see with the emojis.,31,Male,Mixed,1114,hard,False,True
217,explanation,CP,control,prediction,22.0,2023-08-19T12:45:32.531Z,3.0,5.0,5.0,5.0,,Pay close attention in the practice setting and try combinations as well as emojis consecutively.,34,Female,White,879,hard,False,True
218,explanation,PC,prediction,control,22.0,2023-08-19T12:49:50.713Z,3.0,4.0,4.0,4.0,,Observe any patterns you think you see in the interaction. Go with what you feel is best - sometimes I could not logically explain my reasoning but I had a feeling of the correct answer. And remember you have a 50 percent chance of getting it right.,32,Female,White,923,hard,False,True
220,explanation,PC,prediction,control,22.0,2023-08-19T12:40:30.412Z,2.0,4.0,3.0,3.0,,try to see if there's a pattern with the emojis and the responses,39,Female,Black,1858,hard,False,True
221,explanation,PC,prediction,control,22.0,2023-08-19T12:50:44.701Z,3.0,3.0,5.0,5.0,,I would advise looking at the emojis on the right. It seemed to have a pattern of when the heart was at the bottom the top option was more influencing.,34,Male,White,1330,hard,False,True
222,explanation,CP,control,prediction,22.0,2023-08-19T12:56:15.484Z,3.0,4.0,5.0,5.0,,Try your best to find a pattern among the reactions,34,Male,Mixed,934,hard,False,True
224,explanation,CP,control,prediction,22.0,2023-08-19T13:04:36.538Z,2.0,3.0,3.0,2.0,,none,34,Male,White,768,hard,False,True
225,explanation,PC,prediction,control,22.0,2023-08-19T13:03:03.712Z,2.0,5.0,5.0,5.0,,I thought the blue heard triggered an oh face. But its different everytime.  I don't have a real strategy. ,40,Female,White,918,hard,False,True
226,explanation,PC,prediction,control,22.0,2023-08-19T13:01:26.988Z,4.0,5.0,5.0,5.0,,"Answer randomly, its impossible to figure out.",37,Male,White,1352,hard,False,True
228,explanation,PC,prediction,control,22.0,2023-08-19T13:05:41.558Z,2.0,3.0,4.0,4.0,,Try to remember which emoji elicited which response.,35,Male,White,895,hard,False,True
229,explanation,PC,prediction,control,22.0,2023-08-19T13:01:33.300Z,3.0,4.0,4.0,4.0,,Try and learn a predictive pattern that the chatbot responds with more times than not. ,38,Male,Black,1302,hard,False,True
230,explanation,PC,prediction,control,22.0,2023-08-19T13:03:00.352Z,3.0,2.0,3.0,3.0,,Focus on figuring out how to predict one or 2 interaction patterns with the bot. Answer questions on other interaction patterns randomly for a 50-50 chance.,30,Male,White,1144,hard,False,True
231,explanation,PC,prediction,control,22.0,2023-08-19T13:02:07.385Z,2.0,4.0,4.0,5.0,,I would advise to find the patterns of the chatbots responses in the trials and look for clues in the answers.,34,Female,White,1202,hard,False,True
235,explanation,PC,prediction,control,22.0,2023-08-19T13:09:44.576Z,3.0,3.0,3.0,3.0,,I would advise that you pay very close attention to the patterns and try to remember common ones.,37,Male,White,937,hard,False,True
236,explanation,CP,control,prediction,22.0,2023-08-19T13:06:34.433Z,3.0,3.0,3.0,3.0,that was fun thank you. I just wish I would have paid attention to the patterns at first.,I think it was every other choice for the first one then every 2 choices then every 3 choices. I think. It took me way to long to catch on to the pattern. I wish I would have paid attention to the pattern at first.,45,Female,Mixed,1392,hard,False,True
239,explanation,CP,control,prediction,22.0,2023-08-19T13:10:38.428Z,5.0,5.0,4.0,4.0,,"I couldnt find any strategy, it seemed random",26,Female,White,1381,hard,False,True
242,explanation,CP,control,prediction,22.0,2023-08-19T13:09:39.943Z,2.0,4.0,3.0,4.0,,I would try to tell them to try to find a pattern with the emojis.,33,Male,Black,2025,hard,False,True
243,explanation,CP,control,prediction,22.0,2023-08-19T13:28:58.247Z,3.0,3.0,3.0,3.0,,To try to remember as much as possible,34,Male,White,2255,hard,False,True
244,explanation,CP,control,prediction,22.0,2023-08-19T13:31:52.057Z,4.0,4.0,4.0,4.0,,"Pay attention to the entire conversation available, and try to find a pattern.",32,Female,White,1542,hard,False,True
245,explanation,PC,prediction,control,22.0,2023-08-19T14:17:35.805Z,4.0,4.0,4.0,4.0,,This is a hard task to manage.  I tried to learn at first but then went with the laws of probability.,45,Female,Mixed,1628,hard,False,True
246,prediction,EC,explanation,control,22.0,2023-08-19T17:46:34.010Z,1.0,3.0,1.0,3.0,,"I studied the responses and interactions, and learned what to base it off of to give the best response.",24,Male,White,854,hard,False,True
247,control,PE,prediction,explanation,22.0,2023-08-19T17:47:13.303Z,1.0,2.0,2.0,3.0,,Just look for the pattern. You can usually figure it out once you see the repeating images.,46,Female,Mixed,865,hard,False,True
248,prediction,EC,explanation,control,22.0,2023-08-19T17:50:12.980Z,3.0,4.0,3.0,4.0,,"To look for patterns in the beginning which will help you when the blur out certain responses 
",23,Female,White,1285,hard,False,True
249,control,PE,prediction,explanation,22.0,2023-08-19T17:56:11.345Z,3.0,4.0,4.0,4.0,,"If the AI's last response was a tongue emoji, chances are it was caused by a heart somewhere. Also, if the first and last emoji sent by the AI are the same, there is a high chance the two messages sent by the user were both hearts.",27,Male,White,1132,hard,False,True
250,prediction,EC,explanation,control,22.0,2023-08-19T18:10:24.474Z,2.0,4.0,4.0,4.0,,The heart will usually give the surprised face and the thumb will usually give the sunglasses face.,36,Female,White,695,hard,False,True
251,prediction,EC,explanation,control,22.0,2023-08-19T18:04:57.991Z,1.0,4.0,3.0,4.0,,"First try to see what reactions are triggered by each emoji in the first practice step. Then take notice of when an emoji is repeated, and see if there is a pattern to them.",30,Female,White,1064,hard,False,True
252,prediction,EC,explanation,control,22.0,2023-08-19T18:04:54.241Z,3.0,3.0,4.0,4.0,,I could not figure out a good strategy for this. I would say just go with your gut/intuition.,21,Female,White,1487,hard,False,True
254,control,PE,prediction,explanation,22.0,2023-08-19T18:22:01.697Z,2.0,3.0,2.0,4.0,,"Don't overthink, and trust your instinct",29,Male,White,939,hard,False,True
255,control,PE,prediction,explanation,22.0,2023-08-19T18:24:20.687Z,2.0,4.0,4.0,4.0,,It's so hard to describe my strategy. I just tried really hard to pay attention to what my actions caused and then go off intuition.,40,Female,White,911,hard,False,True
256,control,PE,prediction,explanation,22.0,2023-08-19T18:26:57.260Z,2.0,3.0,2.0,3.0,,pay attention to what the chat bot is doing,31,Male,White,887,hard,False,True
257,prediction,EC,explanation,control,22.0,2023-08-19T18:22:55.775Z,3.0,4.0,3.0,4.0,Curious if there was an actual pattern or not!,"At first I thought it was random, but then I thought the heart meant the same emoji - but then it looked random again. Good luck!",40,Female,White,1220,hard,False,True
258,prediction,CE,control,explanation,22.0,2023-08-19T18:23:42.468Z,2.0,4.0,3.0,3.0,,Engage in some variety in the first part so you can see a range of interactions to get a sense of the patterns.,47,Male,White,1262,hard,False,True
259,control,PE,prediction,explanation,22.0,2023-08-19T18:28:36.274Z,2.0,2.0,2.0,2.0,,I would tell them to see which emojis trigger a certain response ,22,Female,White,1100,hard,False,True
260,control,EP,explanation,prediction,22.0,2023-08-19T18:31:22.378Z,1.0,2.0,2.0,3.0,,Focus more on the pattern when using the hearts as that will allow you to be more consistent.,27,Male,White,1031,hard,False,True
261,prediction,CE,control,explanation,22.0,2023-08-19T18:26:27.789Z,2.0,4.0,3.0,5.0,,"Honestly, I would not even know where to begin with giving them advice.  I was trying to see a pattern, but I only was able to see a pattern on some of the inputs but not others.",42,Male,White,1343,hard,False,True
263,prediction,EC,explanation,control,22.0,2023-08-19T18:27:27.585Z,5.0,5.0,4.0,4.0,,"I had a hard time finding any patterns. I did try, however, to assign the emojis ""levels"", like the sunglasses being a 1 and the silly one being a 4, and I assume they are in a progression of emotion. I tried to see which of my responses either brought the reaction higher on the scale or lower on the scale. ",27,Female,White,1307,hard,False,True
265,prediction,EC,explanation,control,22.0,2023-08-19T18:41:58.160Z,3.0,3.0,4.0,4.0,,"I would advise identifying and remembering a few patterns while doing the initial task. If you can memorize a few patterns, then the rest of the study is much easier.",33,Male,White,1037,hard,False,True
266,control,PE,prediction,explanation,22.0,2023-08-19T18:29:24.096Z,2.0,4.0,2.0,4.0,,I would advise to watch the initial phases to try to understand the workflow.  I would suggest monitoring feedback closely in earlier stages for additional insight into the chatbot workflow as it is not impossible but very difficult to commit it all to memory in a short time.,38,Male,White,2452,hard,False,True
267,control,PE,prediction,explanation,22.0,2023-08-19T19:47:23.377Z,2.0,3.0,3.0,4.0,,"Analyze and study the emoji's chat data carefully. Also, practice predicting the emoji's order.",45,Male,Black,2488,hard,False,True
