participant_id,fsm_type,phase,feedback_condition,test_condition,trial_type,attempt,accuracy,phase_condition
1,easy,feedback,control,control,hidden,1.0,0.6666666666666666,feedback_control
1,easy,feedback,control,control,visible,1.0,0.8666666666666667,feedback_control
1,easy,transfer,control,explanation,hidden,,0.8,transfer_explanation
1,easy,transfer,control,explanation,visible,,0.4,transfer_explanation
1,easy,transfer,control,prediction,hidden,,0.4,transfer_prediction
1,easy,transfer,control,prediction,visible,,0.8,transfer_prediction
2,easy,feedback,prediction,prediction,hidden,1.0,0.6666666666666666,feedback_prediction
2,easy,feedback,prediction,prediction,visible,3.0,0.8,feedback_prediction
2,easy,transfer,prediction,control,hidden,,0.5,transfer_control
2,easy,transfer,prediction,control,visible,,0.7,transfer_control
2,easy,transfer,prediction,explanation,hidden,,0.6,transfer_explanation
2,easy,transfer,prediction,explanation,visible,,0.3,transfer_explanation
3,easy,feedback,explanation,explanation,hidden,2.0,0.7333333333333333,feedback_explanation
3,easy,feedback,explanation,explanation,visible,2.0,0.7333333333333333,feedback_explanation
3,easy,transfer,explanation,control,hidden,,0.5,transfer_control
3,easy,transfer,explanation,control,visible,,0.5,transfer_control
3,easy,transfer,explanation,prediction,hidden,,0.6,transfer_prediction
3,easy,transfer,explanation,prediction,visible,,0.4,transfer_prediction
4,easy,feedback,prediction,prediction,hidden,2.0,0.8666666666666667,feedback_prediction
4,easy,feedback,prediction,prediction,visible,1.0,0.8666666666666667,feedback_prediction
4,easy,transfer,prediction,control,hidden,,0.6,transfer_control
4,easy,transfer,prediction,control,visible,,1.0,transfer_control
4,easy,transfer,prediction,explanation,hidden,,0.7,transfer_explanation
4,easy,transfer,prediction,explanation,visible,,0.6,transfer_explanation
5,easy,feedback,control,control,hidden,1.0,0.8,feedback_control
5,easy,feedback,control,control,visible,1.0,0.8666666666666667,feedback_control
5,easy,transfer,control,explanation,hidden,,0.4,transfer_explanation
5,easy,transfer,control,explanation,visible,,0.5,transfer_explanation
5,easy,transfer,control,prediction,hidden,,0.7,transfer_prediction
5,easy,transfer,control,prediction,visible,,0.7,transfer_prediction
6,easy,feedback,control,control,hidden,1.0,0.7333333333333333,feedback_control
6,easy,feedback,control,control,visible,1.0,0.9333333333333333,feedback_control
6,easy,transfer,control,explanation,hidden,,0.7,transfer_explanation
6,easy,transfer,control,explanation,visible,,0.3,transfer_explanation
6,easy,transfer,control,prediction,hidden,,0.7,transfer_prediction
6,easy,transfer,control,prediction,visible,,0.8,transfer_prediction
7,easy,feedback,control,control,hidden,1.0,0.6666666666666666,feedback_control
7,easy,feedback,control,control,visible,2.0,1.0,feedback_control
7,easy,transfer,control,explanation,hidden,,0.5,transfer_explanation
7,easy,transfer,control,explanation,visible,,0.3,transfer_explanation
7,easy,transfer,control,prediction,hidden,,0.4,transfer_prediction
7,easy,transfer,control,prediction,visible,,0.7,transfer_prediction
8,easy,feedback,explanation,explanation,hidden,1.0,0.8,feedback_explanation
8,easy,feedback,explanation,explanation,visible,2.0,0.6666666666666666,feedback_explanation
8,easy,transfer,explanation,control,hidden,,0.5,transfer_control
8,easy,transfer,explanation,control,visible,,0.6,transfer_control
8,easy,transfer,explanation,prediction,hidden,,0.7,transfer_prediction
8,easy,transfer,explanation,prediction,visible,,0.7,transfer_prediction
9,easy,feedback,prediction,prediction,hidden,3.0,0.7333333333333333,feedback_prediction
9,easy,feedback,prediction,prediction,visible,1.0,0.6666666666666666,feedback_prediction
9,easy,transfer,prediction,control,hidden,,0.7,transfer_control
9,easy,transfer,prediction,control,visible,,0.6,transfer_control
9,easy,transfer,prediction,explanation,hidden,,0.5,transfer_explanation
9,easy,transfer,prediction,explanation,visible,,0.3,transfer_explanation
10,easy,feedback,explanation,explanation,hidden,1.0,0.7333333333333333,feedback_explanation
10,easy,feedback,explanation,explanation,visible,1.0,0.7333333333333333,feedback_explanation
10,easy,transfer,explanation,control,hidden,,0.7,transfer_control
10,easy,transfer,explanation,control,visible,,0.7,transfer_control
10,easy,transfer,explanation,prediction,hidden,,0.4,transfer_prediction
10,easy,transfer,explanation,prediction,visible,,0.6,transfer_prediction
11,easy,feedback,control,control,hidden,1.0,0.8,feedback_control
11,easy,feedback,control,control,visible,1.0,1.0,feedback_control
11,easy,transfer,control,explanation,hidden,,0.6,transfer_explanation
11,easy,transfer,control,explanation,visible,,0.5,transfer_explanation
11,easy,transfer,control,prediction,hidden,,0.8,transfer_prediction
11,easy,transfer,control,prediction,visible,,0.9,transfer_prediction
12,easy,feedback,prediction,prediction,hidden,3.0,0.6666666666666666,feedback_prediction
12,easy,feedback,prediction,prediction,visible,1.0,0.8,feedback_prediction
12,easy,transfer,prediction,control,hidden,,0.6,transfer_control
12,easy,transfer,prediction,control,visible,,0.8,transfer_control
12,easy,transfer,prediction,explanation,hidden,,0.5,transfer_explanation
12,easy,transfer,prediction,explanation,visible,,0.4,transfer_explanation
13,easy,feedback,explanation,explanation,hidden,1.0,0.7333333333333333,feedback_explanation
13,easy,feedback,explanation,explanation,visible,2.0,0.9333333333333333,feedback_explanation
13,easy,transfer,explanation,control,hidden,,0.6,transfer_control
13,easy,transfer,explanation,control,visible,,1.0,transfer_control
13,easy,transfer,explanation,prediction,hidden,,0.6,transfer_prediction
13,easy,transfer,explanation,prediction,visible,,0.8,transfer_prediction
14,easy,feedback,control,control,hidden,1.0,0.8666666666666667,feedback_control
14,easy,feedback,control,control,visible,1.0,1.0,feedback_control
14,easy,transfer,control,explanation,hidden,,0.9,transfer_explanation
14,easy,transfer,control,explanation,visible,,1.0,transfer_explanation
14,easy,transfer,control,prediction,hidden,,0.9,transfer_prediction
14,easy,transfer,control,prediction,visible,,1.0,transfer_prediction
15,easy,feedback,prediction,prediction,hidden,3.0,0.6666666666666666,feedback_prediction
15,easy,feedback,prediction,prediction,visible,1.0,0.7333333333333333,feedback_prediction
15,easy,transfer,prediction,control,hidden,,0.3,transfer_control
15,easy,transfer,prediction,control,visible,,0.5,transfer_control
15,easy,transfer,prediction,explanation,hidden,,0.6,transfer_explanation
15,easy,transfer,prediction,explanation,visible,,0.3,transfer_explanation
16,easy,feedback,prediction,prediction,hidden,2.0,0.6666666666666666,feedback_prediction
16,easy,feedback,prediction,prediction,visible,1.0,0.6666666666666666,feedback_prediction
16,easy,transfer,prediction,control,hidden,,0.6,transfer_control
16,easy,transfer,prediction,control,visible,,0.5,transfer_control
16,easy,transfer,prediction,explanation,hidden,,0.5,transfer_explanation
16,easy,transfer,prediction,explanation,visible,,0.8,transfer_explanation
17,easy,feedback,control,control,hidden,2.0,0.6666666666666666,feedback_control
17,easy,feedback,control,control,visible,1.0,0.8,feedback_control
17,easy,transfer,control,explanation,hidden,,0.9,transfer_explanation
17,easy,transfer,control,explanation,visible,,0.8,transfer_explanation
17,easy,transfer,control,prediction,hidden,,0.3,transfer_prediction
17,easy,transfer,control,prediction,visible,,0.8,transfer_prediction
18,easy,feedback,control,control,hidden,1.0,0.6666666666666666,feedback_control
18,easy,feedback,control,control,visible,1.0,1.0,feedback_control
18,easy,transfer,control,explanation,hidden,,0.4,transfer_explanation
18,easy,transfer,control,explanation,visible,,0.6,transfer_explanation
18,easy,transfer,control,prediction,hidden,,0.5,transfer_prediction
18,easy,transfer,control,prediction,visible,,0.9,transfer_prediction
19,easy,feedback,explanation,explanation,hidden,2.0,0.6666666666666666,feedback_explanation
19,easy,feedback,explanation,explanation,visible,2.0,0.8,feedback_explanation
19,easy,transfer,explanation,control,hidden,,0.4,transfer_control
19,easy,transfer,explanation,control,visible,,0.6,transfer_control
19,easy,transfer,explanation,prediction,hidden,,0.5,transfer_prediction
19,easy,transfer,explanation,prediction,visible,,0.7,transfer_prediction
20,easy,feedback,control,control,hidden,2.0,0.7333333333333333,feedback_control
20,easy,feedback,control,control,visible,1.0,0.9333333333333333,feedback_control
20,easy,transfer,control,explanation,hidden,,0.8,transfer_explanation
20,easy,transfer,control,explanation,visible,,0.8,transfer_explanation
20,easy,transfer,control,prediction,hidden,,0.7,transfer_prediction
20,easy,transfer,control,prediction,visible,,0.6,transfer_prediction
21,easy,feedback,prediction,prediction,hidden,3.0,0.8,feedback_prediction
21,easy,feedback,prediction,prediction,visible,1.0,0.7333333333333333,feedback_prediction
21,easy,transfer,prediction,control,hidden,,0.6,transfer_control
21,easy,transfer,prediction,control,visible,,0.8,transfer_control
21,easy,transfer,prediction,explanation,hidden,,0.5,transfer_explanation
21,easy,transfer,prediction,explanation,visible,,0.4,transfer_explanation
22,easy,feedback,prediction,prediction,hidden,2.0,0.6666666666666666,feedback_prediction
22,easy,feedback,prediction,prediction,visible,1.0,0.7333333333333333,feedback_prediction
22,easy,transfer,prediction,control,hidden,,0.7,transfer_control
22,easy,transfer,prediction,control,visible,,0.8,transfer_control
22,easy,transfer,prediction,explanation,hidden,,0.8,transfer_explanation
22,easy,transfer,prediction,explanation,visible,,0.8,transfer_explanation
23,easy,feedback,control,control,hidden,3.0,0.7333333333333333,feedback_control
23,easy,feedback,control,control,visible,1.0,1.0,feedback_control
23,easy,transfer,control,explanation,hidden,,0.4,transfer_explanation
23,easy,transfer,control,explanation,visible,,0.3,transfer_explanation
23,easy,transfer,control,prediction,hidden,,0.6,transfer_prediction
23,easy,transfer,control,prediction,visible,,0.9,transfer_prediction
24,easy,feedback,control,control,hidden,1.0,0.7333333333333333,feedback_control
24,easy,feedback,control,control,visible,1.0,0.8,feedback_control
24,easy,transfer,control,explanation,hidden,,0.7,transfer_explanation
24,easy,transfer,control,explanation,visible,,0.7,transfer_explanation
24,easy,transfer,control,prediction,hidden,,0.6,transfer_prediction
24,easy,transfer,control,prediction,visible,,0.4,transfer_prediction
25,easy,feedback,control,control,hidden,2.0,0.7333333333333333,feedback_control
25,easy,feedback,control,control,visible,3.0,0.4,feedback_control
25,easy,transfer,control,explanation,hidden,,0.5,transfer_explanation
25,easy,transfer,control,explanation,visible,,0.6,transfer_explanation
25,easy,transfer,control,prediction,hidden,,0.4,transfer_prediction
25,easy,transfer,control,prediction,visible,,0.7,transfer_prediction
26,easy,feedback,explanation,explanation,hidden,2.0,0.6666666666666666,feedback_explanation
26,easy,feedback,explanation,explanation,visible,3.0,0.4,feedback_explanation
26,easy,transfer,explanation,control,hidden,,0.5,transfer_control
26,easy,transfer,explanation,control,visible,,0.6,transfer_control
26,easy,transfer,explanation,prediction,hidden,,0.4,transfer_prediction
26,easy,transfer,explanation,prediction,visible,,0.7,transfer_prediction
27,easy,feedback,explanation,explanation,hidden,1.0,0.7333333333333333,feedback_explanation
27,easy,feedback,explanation,explanation,visible,1.0,0.6666666666666666,feedback_explanation
27,easy,transfer,explanation,control,hidden,,0.7,transfer_control
27,easy,transfer,explanation,control,visible,,0.9,transfer_control
27,easy,transfer,explanation,prediction,hidden,,0.7,transfer_prediction
27,easy,transfer,explanation,prediction,visible,,0.8,transfer_prediction
28,easy,feedback,control,control,hidden,2.0,0.9333333333333333,feedback_control
28,easy,feedback,control,control,visible,1.0,1.0,feedback_control
28,easy,transfer,control,explanation,hidden,,0.6,transfer_explanation
28,easy,transfer,control,explanation,visible,,0.5,transfer_explanation
28,easy,transfer,control,prediction,hidden,,0.8,transfer_prediction
28,easy,transfer,control,prediction,visible,,0.9,transfer_prediction
29,easy,feedback,control,control,hidden,1.0,0.6666666666666666,feedback_control
29,easy,feedback,control,control,visible,1.0,0.7333333333333333,feedback_control
29,easy,transfer,control,explanation,hidden,,0.6,transfer_explanation
29,easy,transfer,control,explanation,visible,,0.6,transfer_explanation
29,easy,transfer,control,prediction,hidden,,0.6,transfer_prediction
29,easy,transfer,control,prediction,visible,,0.9,transfer_prediction
30,easy,feedback,control,control,hidden,2.0,0.6666666666666666,feedback_control
30,easy,feedback,control,control,visible,3.0,0.6666666666666666,feedback_control
30,easy,transfer,control,explanation,hidden,,0.3,transfer_explanation
30,easy,transfer,control,explanation,visible,,0.6,transfer_explanation
30,easy,transfer,control,prediction,hidden,,0.5,transfer_prediction
30,easy,transfer,control,prediction,visible,,0.5,transfer_prediction
31,easy,feedback,prediction,prediction,hidden,3.0,0.6,feedback_prediction
31,easy,feedback,prediction,prediction,visible,1.0,0.7333333333333333,feedback_prediction
31,easy,transfer,prediction,control,hidden,,0.7,transfer_control
31,easy,transfer,prediction,control,visible,,0.6,transfer_control
31,easy,transfer,prediction,explanation,hidden,,0.8,transfer_explanation
31,easy,transfer,prediction,explanation,visible,,0.3,transfer_explanation
32,easy,feedback,prediction,prediction,hidden,2.0,0.7333333333333333,feedback_prediction
32,easy,feedback,prediction,prediction,visible,1.0,0.6666666666666666,feedback_prediction
32,easy,transfer,prediction,control,hidden,,0.6,transfer_control
32,easy,transfer,prediction,control,visible,,0.6,transfer_control
32,easy,transfer,prediction,explanation,hidden,,0.3,transfer_explanation
32,easy,transfer,prediction,explanation,visible,,0.5,transfer_explanation
33,easy,feedback,control,control,hidden,3.0,0.4666666666666667,feedback_control
33,easy,feedback,control,control,visible,1.0,0.8,feedback_control
33,easy,transfer,control,explanation,hidden,,0.7,transfer_explanation
33,easy,transfer,control,explanation,visible,,0.5,transfer_explanation
33,easy,transfer,control,prediction,hidden,,0.7,transfer_prediction
33,easy,transfer,control,prediction,visible,,0.8,transfer_prediction
34,easy,feedback,control,control,hidden,3.0,0.6,feedback_control
34,easy,feedback,control,control,visible,1.0,0.6666666666666666,feedback_control
34,easy,transfer,control,explanation,hidden,,0.3,transfer_explanation
34,easy,transfer,control,explanation,visible,,0.2,transfer_explanation
34,easy,transfer,control,prediction,hidden,,0.5,transfer_prediction
34,easy,transfer,control,prediction,visible,,0.5,transfer_prediction
35,easy,feedback,prediction,prediction,hidden,3.0,0.6,feedback_prediction
35,easy,feedback,prediction,prediction,visible,3.0,0.8666666666666667,feedback_prediction
35,easy,transfer,prediction,control,hidden,,0.4,transfer_control
35,easy,transfer,prediction,control,visible,,0.6,transfer_control
35,easy,transfer,prediction,explanation,hidden,,0.5,transfer_explanation
35,easy,transfer,prediction,explanation,visible,,0.5,transfer_explanation
36,easy,feedback,explanation,explanation,hidden,3.0,0.6666666666666666,feedback_explanation
36,easy,feedback,explanation,explanation,visible,1.0,0.6666666666666666,feedback_explanation
36,easy,transfer,explanation,control,hidden,,0.6,transfer_control
36,easy,transfer,explanation,control,visible,,0.6,transfer_control
36,easy,transfer,explanation,prediction,hidden,,0.6,transfer_prediction
36,easy,transfer,explanation,prediction,visible,,0.6,transfer_prediction
37,easy,feedback,prediction,prediction,hidden,3.0,0.5333333333333333,feedback_prediction
37,easy,feedback,prediction,prediction,visible,2.0,0.8,feedback_prediction
37,easy,transfer,prediction,control,hidden,,0.7,transfer_control
37,easy,transfer,prediction,control,visible,,0.7,transfer_control
37,easy,transfer,prediction,explanation,hidden,,0.5,transfer_explanation
37,easy,transfer,prediction,explanation,visible,,0.8,transfer_explanation
38,easy,feedback,control,control,hidden,3.0,0.6666666666666666,feedback_control
38,easy,feedback,control,control,visible,1.0,0.8666666666666667,feedback_control
38,easy,transfer,control,explanation,hidden,,0.5,transfer_explanation
38,easy,transfer,control,explanation,visible,,0.3,transfer_explanation
38,easy,transfer,control,prediction,hidden,,0.7,transfer_prediction
38,easy,transfer,control,prediction,visible,,0.8,transfer_prediction
39,easy,feedback,explanation,explanation,hidden,2.0,0.7333333333333333,feedback_explanation
39,easy,feedback,explanation,explanation,visible,1.0,0.8,feedback_explanation
39,easy,transfer,explanation,control,hidden,,0.6,transfer_control
39,easy,transfer,explanation,control,visible,,0.6,transfer_control
39,easy,transfer,explanation,prediction,hidden,,0.4,transfer_prediction
39,easy,transfer,explanation,prediction,visible,,0.6,transfer_prediction
40,easy,feedback,prediction,prediction,hidden,1.0,0.7333333333333333,feedback_prediction
40,easy,feedback,prediction,prediction,visible,1.0,0.7333333333333333,feedback_prediction
40,easy,transfer,prediction,control,hidden,,0.5,transfer_control
40,easy,transfer,prediction,control,visible,,0.5,transfer_control
40,easy,transfer,prediction,explanation,hidden,,0.8,transfer_explanation
40,easy,transfer,prediction,explanation,visible,,0.6,transfer_explanation
41,easy,feedback,control,control,hidden,3.0,0.26666666666666666,feedback_control
41,easy,feedback,control,control,visible,1.0,0.7333333333333333,feedback_control
41,easy,transfer,control,explanation,hidden,,0.5,transfer_explanation
41,easy,transfer,control,explanation,visible,,0.5,transfer_explanation
41,easy,transfer,control,prediction,hidden,,0.7,transfer_prediction
41,easy,transfer,control,prediction,visible,,0.3,transfer_prediction
43,easy,feedback,control,control,hidden,1.0,0.7333333333333333,feedback_control
43,easy,feedback,control,control,visible,1.0,0.9333333333333333,feedback_control
43,easy,transfer,control,explanation,hidden,,0.5,transfer_explanation
43,easy,transfer,control,explanation,visible,,0.7,transfer_explanation
43,easy,transfer,control,prediction,hidden,,0.4,transfer_prediction
43,easy,transfer,control,prediction,visible,,0.7,transfer_prediction
44,easy,feedback,control,control,hidden,1.0,0.7333333333333333,feedback_control
44,easy,feedback,control,control,visible,1.0,0.9333333333333333,feedback_control
44,easy,transfer,control,explanation,hidden,,0.7,transfer_explanation
44,easy,transfer,control,explanation,visible,,0.6,transfer_explanation
44,easy,transfer,control,prediction,hidden,,0.6,transfer_prediction
44,easy,transfer,control,prediction,visible,,0.8,transfer_prediction
45,easy,feedback,explanation,explanation,hidden,3.0,0.6666666666666666,feedback_explanation
45,easy,feedback,explanation,explanation,visible,3.0,0.3333333333333333,feedback_explanation
45,easy,transfer,explanation,control,hidden,,0.6,transfer_control
45,easy,transfer,explanation,control,visible,,0.5,transfer_control
45,easy,transfer,explanation,prediction,hidden,,0.7,transfer_prediction
45,easy,transfer,explanation,prediction,visible,,0.7,transfer_prediction
46,easy,feedback,control,control,hidden,3.0,0.5333333333333333,feedback_control
46,easy,feedback,control,control,visible,1.0,0.6666666666666666,feedback_control
46,easy,transfer,control,explanation,hidden,,0.6,transfer_explanation
46,easy,transfer,control,explanation,visible,,0.6,transfer_explanation
46,easy,transfer,control,prediction,hidden,,0.5,transfer_prediction
46,easy,transfer,control,prediction,visible,,0.9,transfer_prediction
47,easy,feedback,prediction,prediction,hidden,3.0,0.8666666666666667,feedback_prediction
47,easy,feedback,prediction,prediction,visible,1.0,0.7333333333333333,feedback_prediction
47,easy,transfer,prediction,control,hidden,,0.6,transfer_control
47,easy,transfer,prediction,control,visible,,0.4,transfer_control
47,easy,transfer,prediction,explanation,hidden,,0.5,transfer_explanation
47,easy,transfer,prediction,explanation,visible,,0.4,transfer_explanation
48,easy,feedback,explanation,explanation,hidden,1.0,0.7333333333333333,feedback_explanation
48,easy,feedback,explanation,explanation,visible,1.0,0.8,feedback_explanation
48,easy,transfer,explanation,control,hidden,,0.5,transfer_control
48,easy,transfer,explanation,control,visible,,0.6,transfer_control
48,easy,transfer,explanation,prediction,hidden,,0.4,transfer_prediction
48,easy,transfer,explanation,prediction,visible,,0.6,transfer_prediction
49,easy,feedback,prediction,prediction,hidden,1.0,0.8,feedback_prediction
49,easy,feedback,prediction,prediction,visible,1.0,0.9333333333333333,feedback_prediction
49,easy,transfer,prediction,control,hidden,,0.6,transfer_control
49,easy,transfer,prediction,control,visible,,1.0,transfer_control
49,easy,transfer,prediction,explanation,hidden,,0.7,transfer_explanation
49,easy,transfer,prediction,explanation,visible,,0.6,transfer_explanation
51,easy,feedback,control,control,hidden,1.0,0.7333333333333333,feedback_control
51,easy,feedback,control,control,visible,1.0,0.7333333333333333,feedback_control
51,easy,transfer,control,explanation,hidden,,0.6,transfer_explanation
51,easy,transfer,control,explanation,visible,,0.6,transfer_explanation
51,easy,transfer,control,prediction,hidden,,0.6,transfer_prediction
51,easy,transfer,control,prediction,visible,,0.8,transfer_prediction
52,easy,feedback,explanation,explanation,hidden,1.0,0.8666666666666667,feedback_explanation
52,easy,feedback,explanation,explanation,visible,2.0,0.8,feedback_explanation
52,easy,transfer,explanation,control,hidden,,0.5,transfer_control
52,easy,transfer,explanation,control,visible,,0.5,transfer_control
52,easy,transfer,explanation,prediction,hidden,,0.6,transfer_prediction
52,easy,transfer,explanation,prediction,visible,,0.7,transfer_prediction
53,easy,feedback,prediction,prediction,hidden,3.0,0.6,feedback_prediction
53,easy,feedback,prediction,prediction,visible,2.0,0.6666666666666666,feedback_prediction
53,easy,transfer,prediction,control,hidden,,0.5,transfer_control
53,easy,transfer,prediction,control,visible,,0.6,transfer_control
53,easy,transfer,prediction,explanation,hidden,,0.4,transfer_explanation
53,easy,transfer,prediction,explanation,visible,,0.3,transfer_explanation
54,easy,feedback,control,control,hidden,1.0,0.8,feedback_control
54,easy,feedback,control,control,visible,1.0,0.8,feedback_control
54,easy,transfer,control,explanation,hidden,,0.7,transfer_explanation
54,easy,transfer,control,explanation,visible,,0.8,transfer_explanation
54,easy,transfer,control,prediction,hidden,,0.4,transfer_prediction
54,easy,transfer,control,prediction,visible,,0.8,transfer_prediction
55,easy,feedback,control,control,hidden,3.0,0.6666666666666666,feedback_control
55,easy,feedback,control,control,visible,1.0,0.9333333333333333,feedback_control
55,easy,transfer,control,explanation,hidden,,0.8,transfer_explanation
55,easy,transfer,control,explanation,visible,,0.8,transfer_explanation
55,easy,transfer,control,prediction,hidden,,0.4,transfer_prediction
55,easy,transfer,control,prediction,visible,,0.7,transfer_prediction
56,easy,feedback,control,control,hidden,1.0,0.8666666666666667,feedback_control
56,easy,feedback,control,control,visible,1.0,1.0,feedback_control
56,easy,transfer,control,explanation,hidden,,0.4,transfer_explanation
56,easy,transfer,control,explanation,visible,,0.6,transfer_explanation
56,easy,transfer,control,prediction,hidden,,0.7,transfer_prediction
56,easy,transfer,control,prediction,visible,,0.8,transfer_prediction
57,easy,feedback,prediction,prediction,hidden,3.0,0.5333333333333333,feedback_prediction
57,easy,feedback,prediction,prediction,visible,2.0,0.8666666666666667,feedback_prediction
57,easy,transfer,prediction,control,hidden,,0.6,transfer_control
57,easy,transfer,prediction,control,visible,,0.5,transfer_control
57,easy,transfer,prediction,explanation,hidden,,0.5,transfer_explanation
57,easy,transfer,prediction,explanation,visible,,0.5,transfer_explanation
58,easy,feedback,explanation,explanation,hidden,1.0,0.6666666666666666,feedback_explanation
58,easy,feedback,explanation,explanation,visible,3.0,0.5333333333333333,feedback_explanation
58,easy,transfer,explanation,control,hidden,,0.8,transfer_control
58,easy,transfer,explanation,control,visible,,0.2,transfer_control
58,easy,transfer,explanation,prediction,hidden,,0.5,transfer_prediction
58,easy,transfer,explanation,prediction,visible,,0.4,transfer_prediction
59,easy,feedback,explanation,explanation,hidden,1.0,1.0,feedback_explanation
59,easy,feedback,explanation,explanation,visible,1.0,0.7333333333333333,feedback_explanation
59,easy,transfer,explanation,control,hidden,,0.6,transfer_control
59,easy,transfer,explanation,control,visible,,0.8,transfer_control
59,easy,transfer,explanation,prediction,hidden,,0.4,transfer_prediction
59,easy,transfer,explanation,prediction,visible,,0.9,transfer_prediction
60,easy,feedback,prediction,prediction,hidden,1.0,0.6666666666666666,feedback_prediction
60,easy,feedback,prediction,prediction,visible,1.0,0.7333333333333333,feedback_prediction
60,easy,transfer,prediction,control,hidden,,0.7,transfer_control
60,easy,transfer,prediction,control,visible,,0.6,transfer_control
60,easy,transfer,prediction,explanation,hidden,,0.3,transfer_explanation
60,easy,transfer,prediction,explanation,visible,,0.5,transfer_explanation
61,easy,feedback,prediction,prediction,hidden,1.0,0.7333333333333333,feedback_prediction
61,easy,feedback,prediction,prediction,visible,1.0,1.0,feedback_prediction
61,easy,transfer,prediction,control,hidden,,0.7,transfer_control
61,easy,transfer,prediction,control,visible,,0.7,transfer_control
61,easy,transfer,prediction,explanation,hidden,,0.7,transfer_explanation
61,easy,transfer,prediction,explanation,visible,,0.5,transfer_explanation
62,easy,feedback,prediction,prediction,hidden,1.0,0.7333333333333333,feedback_prediction
62,easy,feedback,prediction,prediction,visible,1.0,0.9333333333333333,feedback_prediction
62,easy,transfer,prediction,control,hidden,,0.6,transfer_control
62,easy,transfer,prediction,control,visible,,0.7,transfer_control
62,easy,transfer,prediction,explanation,hidden,,0.6,transfer_explanation
62,easy,transfer,prediction,explanation,visible,,0.8,transfer_explanation
63,easy,feedback,control,control,hidden,3.0,0.5333333333333333,feedback_control
63,easy,feedback,control,control,visible,1.0,0.7333333333333333,feedback_control
63,easy,transfer,control,explanation,hidden,,0.6,transfer_explanation
63,easy,transfer,control,explanation,visible,,0.6,transfer_explanation
63,easy,transfer,control,prediction,hidden,,0.5,transfer_prediction
63,easy,transfer,control,prediction,visible,,0.9,transfer_prediction
64,easy,feedback,control,control,hidden,1.0,0.6666666666666666,feedback_control
64,easy,feedback,control,control,visible,1.0,1.0,feedback_control
64,easy,transfer,control,explanation,hidden,,0.5,transfer_explanation
64,easy,transfer,control,explanation,visible,,0.6,transfer_explanation
64,easy,transfer,control,prediction,hidden,,0.4,transfer_prediction
64,easy,transfer,control,prediction,visible,,1.0,transfer_prediction
65,easy,feedback,control,control,hidden,2.0,0.6666666666666666,feedback_control
65,easy,feedback,control,control,visible,1.0,0.6666666666666666,feedback_control
65,easy,transfer,control,explanation,hidden,,0.5,transfer_explanation
65,easy,transfer,control,explanation,visible,,0.8,transfer_explanation
65,easy,transfer,control,prediction,hidden,,0.4,transfer_prediction
65,easy,transfer,control,prediction,visible,,0.7,transfer_prediction
66,easy,feedback,control,control,hidden,1.0,0.7333333333333333,feedback_control
66,easy,feedback,control,control,visible,1.0,0.9333333333333333,feedback_control
66,easy,transfer,control,explanation,hidden,,0.4,transfer_explanation
66,easy,transfer,control,explanation,visible,,0.6,transfer_explanation
66,easy,transfer,control,prediction,hidden,,0.6,transfer_prediction
66,easy,transfer,control,prediction,visible,,1.0,transfer_prediction
67,easy,feedback,explanation,explanation,hidden,1.0,0.7333333333333333,feedback_explanation
67,easy,feedback,explanation,explanation,visible,3.0,0.4666666666666667,feedback_explanation
67,easy,transfer,explanation,control,hidden,,0.5,transfer_control
67,easy,transfer,explanation,control,visible,,0.3,transfer_control
67,easy,transfer,explanation,prediction,hidden,,0.3,transfer_prediction
67,easy,transfer,explanation,prediction,visible,,0.6,transfer_prediction
68,easy,feedback,control,control,hidden,3.0,0.8,feedback_control
68,easy,feedback,control,control,visible,1.0,0.8666666666666667,feedback_control
68,easy,transfer,control,explanation,hidden,,0.7,transfer_explanation
68,easy,transfer,control,explanation,visible,,0.6,transfer_explanation
68,easy,transfer,control,prediction,hidden,,0.6,transfer_prediction
68,easy,transfer,control,prediction,visible,,0.5,transfer_prediction
69,easy,feedback,explanation,explanation,hidden,1.0,0.8,feedback_explanation
69,easy,feedback,explanation,explanation,visible,1.0,0.7333333333333333,feedback_explanation
69,easy,transfer,explanation,control,hidden,,0.5,transfer_control
69,easy,transfer,explanation,control,visible,,0.6,transfer_control
69,easy,transfer,explanation,prediction,hidden,,0.5,transfer_prediction
69,easy,transfer,explanation,prediction,visible,,0.6,transfer_prediction
70,easy,feedback,control,control,hidden,2.0,0.7333333333333333,feedback_control
70,easy,feedback,control,control,visible,1.0,0.6666666666666666,feedback_control
70,easy,transfer,control,explanation,hidden,,0.4,transfer_explanation
70,easy,transfer,control,explanation,visible,,0.5,transfer_explanation
70,easy,transfer,control,prediction,hidden,,0.4,transfer_prediction
70,easy,transfer,control,prediction,visible,,0.6,transfer_prediction
71,easy,feedback,control,control,hidden,1.0,0.7333333333333333,feedback_control
71,easy,feedback,control,control,visible,1.0,0.8666666666666667,feedback_control
71,easy,transfer,control,explanation,hidden,,0.5,transfer_explanation
71,easy,transfer,control,explanation,visible,,0.5,transfer_explanation
71,easy,transfer,control,prediction,hidden,,0.4,transfer_prediction
71,easy,transfer,control,prediction,visible,,0.9,transfer_prediction
72,easy,feedback,control,control,hidden,1.0,0.7333333333333333,feedback_control
72,easy,feedback,control,control,visible,1.0,0.6666666666666666,feedback_control
72,easy,transfer,control,explanation,hidden,,0.5,transfer_explanation
72,easy,transfer,control,explanation,visible,,0.6,transfer_explanation
72,easy,transfer,control,prediction,hidden,,0.7,transfer_prediction
72,easy,transfer,control,prediction,visible,,0.5,transfer_prediction
73,easy,feedback,control,control,hidden,3.0,0.6666666666666666,feedback_control
73,easy,feedback,control,control,visible,1.0,0.7333333333333333,feedback_control
73,easy,transfer,control,explanation,hidden,,0.8,transfer_explanation
73,easy,transfer,control,explanation,visible,,0.8,transfer_explanation
73,easy,transfer,control,prediction,hidden,,0.6,transfer_prediction
73,easy,transfer,control,prediction,visible,,0.8,transfer_prediction
74,easy,feedback,prediction,prediction,hidden,1.0,0.8,feedback_prediction
74,easy,feedback,prediction,prediction,visible,3.0,0.8,feedback_prediction
74,easy,transfer,prediction,control,hidden,,0.4,transfer_control
74,easy,transfer,prediction,control,visible,,0.7,transfer_control
74,easy,transfer,prediction,explanation,hidden,,0.4,transfer_explanation
74,easy,transfer,prediction,explanation,visible,,0.5,transfer_explanation
75,easy,feedback,prediction,prediction,hidden,3.0,0.4666666666666667,feedback_prediction
75,easy,feedback,prediction,prediction,visible,1.0,0.6666666666666666,feedback_prediction
75,easy,transfer,prediction,control,hidden,,0.4,transfer_control
75,easy,transfer,prediction,control,visible,,0.5,transfer_control
75,easy,transfer,prediction,explanation,hidden,,0.5,transfer_explanation
75,easy,transfer,prediction,explanation,visible,,0.4,transfer_explanation
76,easy,feedback,control,control,hidden,1.0,0.7333333333333333,feedback_control
76,easy,feedback,control,control,visible,1.0,0.7333333333333333,feedback_control
76,easy,transfer,control,explanation,hidden,,0.7,transfer_explanation
76,easy,transfer,control,explanation,visible,,0.6,transfer_explanation
76,easy,transfer,control,prediction,hidden,,0.3,transfer_prediction
76,easy,transfer,control,prediction,visible,,0.5,transfer_prediction
77,easy,feedback,control,control,hidden,1.0,0.6666666666666666,feedback_control
77,easy,feedback,control,control,visible,1.0,0.6666666666666666,feedback_control
77,easy,transfer,control,explanation,hidden,,0.6,transfer_explanation
77,easy,transfer,control,explanation,visible,,0.6,transfer_explanation
77,easy,transfer,control,prediction,hidden,,0.4,transfer_prediction
77,easy,transfer,control,prediction,visible,,0.4,transfer_prediction
78,easy,feedback,explanation,explanation,hidden,1.0,0.8,feedback_explanation
78,easy,feedback,explanation,explanation,visible,1.0,0.7333333333333333,feedback_explanation
78,easy,transfer,explanation,control,hidden,,0.6,transfer_control
78,easy,transfer,explanation,control,visible,,0.6,transfer_control
78,easy,transfer,explanation,prediction,hidden,,0.8,transfer_prediction
78,easy,transfer,explanation,prediction,visible,,0.5,transfer_prediction
79,easy,feedback,explanation,explanation,hidden,3.0,0.8666666666666667,feedback_explanation
79,easy,feedback,explanation,explanation,visible,2.0,0.6666666666666666,feedback_explanation
79,easy,transfer,explanation,control,hidden,,0.5,transfer_control
79,easy,transfer,explanation,control,visible,,0.7,transfer_control
79,easy,transfer,explanation,prediction,hidden,,0.5,transfer_prediction
79,easy,transfer,explanation,prediction,visible,,0.8,transfer_prediction
80,easy,feedback,prediction,prediction,hidden,3.0,0.3333333333333333,feedback_prediction
80,easy,feedback,prediction,prediction,visible,2.0,0.8666666666666667,feedback_prediction
80,easy,transfer,prediction,control,hidden,,0.4,transfer_control
80,easy,transfer,prediction,control,visible,,0.7,transfer_control
80,easy,transfer,prediction,explanation,hidden,,0.7,transfer_explanation
80,easy,transfer,prediction,explanation,visible,,0.8,transfer_explanation
81,easy,feedback,control,control,hidden,2.0,0.7333333333333333,feedback_control
81,easy,feedback,control,control,visible,2.0,0.9333333333333333,feedback_control
81,easy,transfer,control,explanation,hidden,,0.6,transfer_explanation
81,easy,transfer,control,explanation,visible,,0.7,transfer_explanation
81,easy,transfer,control,prediction,hidden,,0.4,transfer_prediction
81,easy,transfer,control,prediction,visible,,0.6,transfer_prediction
82,easy,feedback,prediction,prediction,hidden,3.0,0.7333333333333333,feedback_prediction
82,easy,feedback,prediction,prediction,visible,1.0,0.8,feedback_prediction
82,easy,transfer,prediction,control,hidden,,0.4,transfer_control
82,easy,transfer,prediction,control,visible,,0.3,transfer_control
82,easy,transfer,prediction,explanation,hidden,,0.7,transfer_explanation
82,easy,transfer,prediction,explanation,visible,,0.3,transfer_explanation
83,easy,feedback,prediction,prediction,hidden,1.0,0.7333333333333333,feedback_prediction
83,easy,feedback,prediction,prediction,visible,1.0,0.7333333333333333,feedback_prediction
83,easy,transfer,prediction,control,hidden,,0.9,transfer_control
83,easy,transfer,prediction,control,visible,,1.0,transfer_control
83,easy,transfer,prediction,explanation,hidden,,0.8,transfer_explanation
83,easy,transfer,prediction,explanation,visible,,1.0,transfer_explanation
84,easy,feedback,explanation,explanation,hidden,3.0,0.6,feedback_explanation
84,easy,feedback,explanation,explanation,visible,1.0,0.6666666666666666,feedback_explanation
84,easy,transfer,explanation,control,hidden,,0.6,transfer_control
84,easy,transfer,explanation,control,visible,,0.8,transfer_control
84,easy,transfer,explanation,prediction,hidden,,0.6,transfer_prediction
84,easy,transfer,explanation,prediction,visible,,0.7,transfer_prediction
86,easy,feedback,explanation,explanation,hidden,3.0,0.6666666666666666,feedback_explanation
86,easy,feedback,explanation,explanation,visible,3.0,0.5333333333333333,feedback_explanation
86,easy,transfer,explanation,control,hidden,,0.5,transfer_control
86,easy,transfer,explanation,control,visible,,0.4,transfer_control
86,easy,transfer,explanation,prediction,hidden,,0.4,transfer_prediction
86,easy,transfer,explanation,prediction,visible,,0.4,transfer_prediction
87,easy,feedback,explanation,explanation,hidden,3.0,0.6666666666666666,feedback_explanation
87,easy,feedback,explanation,explanation,visible,3.0,0.6666666666666666,feedback_explanation
87,easy,transfer,explanation,control,hidden,,0.5,transfer_control
87,easy,transfer,explanation,control,visible,,0.6,transfer_control
87,easy,transfer,explanation,prediction,hidden,,0.2,transfer_prediction
87,easy,transfer,explanation,prediction,visible,,0.3,transfer_prediction
89,easy,feedback,prediction,prediction,hidden,3.0,0.8,feedback_prediction
89,easy,feedback,prediction,prediction,visible,1.0,0.8,feedback_prediction
89,easy,transfer,prediction,control,hidden,,0.7,transfer_control
89,easy,transfer,prediction,control,visible,,0.7,transfer_control
89,easy,transfer,prediction,explanation,hidden,,0.6,transfer_explanation
89,easy,transfer,prediction,explanation,visible,,0.4,transfer_explanation
90,easy,feedback,explanation,explanation,hidden,3.0,0.7333333333333333,feedback_explanation
90,easy,feedback,explanation,explanation,visible,1.0,0.6666666666666666,feedback_explanation
90,easy,transfer,explanation,control,hidden,,0.6,transfer_control
90,easy,transfer,explanation,control,visible,,0.7,transfer_control
90,easy,transfer,explanation,prediction,hidden,,0.5,transfer_prediction
90,easy,transfer,explanation,prediction,visible,,0.7,transfer_prediction
91,easy,feedback,explanation,explanation,hidden,1.0,0.8666666666666667,feedback_explanation
91,easy,feedback,explanation,explanation,visible,1.0,0.8,feedback_explanation
91,easy,transfer,explanation,control,hidden,,0.7,transfer_control
91,easy,transfer,explanation,control,visible,,0.9,transfer_control
91,easy,transfer,explanation,prediction,hidden,,0.8,transfer_prediction
91,easy,transfer,explanation,prediction,visible,,0.9,transfer_prediction
92,easy,feedback,explanation,explanation,hidden,2.0,0.9333333333333333,feedback_explanation
92,easy,feedback,explanation,explanation,visible,2.0,0.8,feedback_explanation
92,easy,transfer,explanation,control,hidden,,0.6,transfer_control
92,easy,transfer,explanation,control,visible,,1.0,transfer_control
92,easy,transfer,explanation,prediction,hidden,,0.3,transfer_prediction
92,easy,transfer,explanation,prediction,visible,,0.8,transfer_prediction
93,easy,feedback,explanation,explanation,hidden,1.0,0.7333333333333333,feedback_explanation
93,easy,feedback,explanation,explanation,visible,3.0,0.6,feedback_explanation
93,easy,transfer,explanation,control,hidden,,0.3,transfer_control
93,easy,transfer,explanation,control,visible,,0.7,transfer_control
93,easy,transfer,explanation,prediction,hidden,,0.6,transfer_prediction
93,easy,transfer,explanation,prediction,visible,,0.6,transfer_prediction
94,easy,feedback,explanation,explanation,hidden,1.0,0.6666666666666666,feedback_explanation
94,easy,feedback,explanation,explanation,visible,3.0,0.7333333333333333,feedback_explanation
94,easy,transfer,explanation,control,hidden,,0.5,transfer_control
94,easy,transfer,explanation,control,visible,,0.9,transfer_control
94,easy,transfer,explanation,prediction,hidden,,0.6,transfer_prediction
94,easy,transfer,explanation,prediction,visible,,1.0,transfer_prediction
95,easy,feedback,prediction,prediction,hidden,2.0,0.7333333333333333,feedback_prediction
95,easy,feedback,prediction,prediction,visible,1.0,0.8,feedback_prediction
95,easy,transfer,prediction,control,hidden,,0.6,transfer_control
95,easy,transfer,prediction,control,visible,,0.8,transfer_control
95,easy,transfer,prediction,explanation,hidden,,0.6,transfer_explanation
95,easy,transfer,prediction,explanation,visible,,0.6,transfer_explanation
96,easy,feedback,prediction,prediction,hidden,1.0,0.6666666666666666,feedback_prediction
96,easy,feedback,prediction,prediction,visible,1.0,1.0,feedback_prediction
96,easy,transfer,prediction,control,hidden,,0.7,transfer_control
96,easy,transfer,prediction,control,visible,,0.8,transfer_control
96,easy,transfer,prediction,explanation,hidden,,0.1,transfer_explanation
96,easy,transfer,prediction,explanation,visible,,0.7,transfer_explanation
97,easy,feedback,explanation,explanation,hidden,1.0,0.8,feedback_explanation
97,easy,feedback,explanation,explanation,visible,3.0,0.8,feedback_explanation
97,easy,transfer,explanation,control,hidden,,0.7,transfer_control
97,easy,transfer,explanation,control,visible,,0.7,transfer_control
97,easy,transfer,explanation,prediction,hidden,,0.6,transfer_prediction
97,easy,transfer,explanation,prediction,visible,,0.7,transfer_prediction
98,easy,feedback,prediction,prediction,hidden,3.0,0.5333333333333333,feedback_prediction
98,easy,feedback,prediction,prediction,visible,1.0,0.8666666666666667,feedback_prediction
98,easy,transfer,prediction,control,hidden,,0.5,transfer_control
98,easy,transfer,prediction,control,visible,,0.6,transfer_control
98,easy,transfer,prediction,explanation,hidden,,0.4,transfer_explanation
98,easy,transfer,prediction,explanation,visible,,0.7,transfer_explanation
99,easy,feedback,explanation,explanation,hidden,1.0,0.8,feedback_explanation
99,easy,feedback,explanation,explanation,visible,1.0,0.7333333333333333,feedback_explanation
99,easy,transfer,explanation,control,hidden,,0.7,transfer_control
99,easy,transfer,explanation,control,visible,,0.7,transfer_control
99,easy,transfer,explanation,prediction,hidden,,0.5,transfer_prediction
99,easy,transfer,explanation,prediction,visible,,0.7,transfer_prediction
100,easy,feedback,explanation,explanation,hidden,3.0,0.7333333333333333,feedback_explanation
100,easy,feedback,explanation,explanation,visible,2.0,0.6666666666666666,feedback_explanation
100,easy,transfer,explanation,control,hidden,,0.5,transfer_control
100,easy,transfer,explanation,control,visible,,0.4,transfer_control
100,easy,transfer,explanation,prediction,hidden,,0.5,transfer_prediction
100,easy,transfer,explanation,prediction,visible,,0.4,transfer_prediction
101,easy,feedback,explanation,explanation,hidden,2.0,0.6666666666666666,feedback_explanation
101,easy,feedback,explanation,explanation,visible,2.0,0.7333333333333333,feedback_explanation
101,easy,transfer,explanation,control,hidden,,0.7,transfer_control
101,easy,transfer,explanation,control,visible,,0.8,transfer_control
101,easy,transfer,explanation,prediction,hidden,,0.4,transfer_prediction
101,easy,transfer,explanation,prediction,visible,,0.8,transfer_prediction
102,easy,feedback,explanation,explanation,hidden,1.0,0.7333333333333333,feedback_explanation
102,easy,feedback,explanation,explanation,visible,2.0,0.6666666666666666,feedback_explanation
102,easy,transfer,explanation,control,hidden,,0.5,transfer_control
102,easy,transfer,explanation,control,visible,,0.5,transfer_control
102,easy,transfer,explanation,prediction,hidden,,0.5,transfer_prediction
102,easy,transfer,explanation,prediction,visible,,0.7,transfer_prediction
103,easy,feedback,explanation,explanation,hidden,1.0,0.6666666666666666,feedback_explanation
103,easy,feedback,explanation,explanation,visible,3.0,0.5333333333333333,feedback_explanation
103,easy,transfer,explanation,control,hidden,,0.5,transfer_control
103,easy,transfer,explanation,control,visible,,0.4,transfer_control
103,easy,transfer,explanation,prediction,hidden,,0.7,transfer_prediction
103,easy,transfer,explanation,prediction,visible,,0.4,transfer_prediction
104,easy,feedback,prediction,prediction,hidden,2.0,0.6666666666666666,feedback_prediction
104,easy,feedback,prediction,prediction,visible,1.0,0.8,feedback_prediction
104,easy,transfer,prediction,control,hidden,,0.8,transfer_control
104,easy,transfer,prediction,control,visible,,0.9,transfer_control
104,easy,transfer,prediction,explanation,hidden,,0.9,transfer_explanation
104,easy,transfer,prediction,explanation,visible,,0.9,transfer_explanation
105,easy,feedback,prediction,prediction,hidden,1.0,0.8666666666666667,feedback_prediction
105,easy,feedback,prediction,prediction,visible,1.0,0.9333333333333333,feedback_prediction
105,easy,transfer,prediction,control,hidden,,0.5,transfer_control
105,easy,transfer,prediction,control,visible,,0.9,transfer_control
105,easy,transfer,prediction,explanation,hidden,,0.7,transfer_explanation
105,easy,transfer,prediction,explanation,visible,,0.9,transfer_explanation
107,easy,feedback,explanation,explanation,hidden,3.0,0.6666666666666666,feedback_explanation
107,easy,feedback,explanation,explanation,visible,3.0,0.6,feedback_explanation
107,easy,transfer,explanation,control,hidden,,0.4,transfer_control
107,easy,transfer,explanation,control,visible,,0.5,transfer_control
107,easy,transfer,explanation,prediction,hidden,,0.4,transfer_prediction
107,easy,transfer,explanation,prediction,visible,,0.8,transfer_prediction
108,easy,feedback,prediction,prediction,hidden,1.0,0.6666666666666666,feedback_prediction
108,easy,feedback,prediction,prediction,visible,2.0,0.7333333333333333,feedback_prediction
108,easy,transfer,prediction,control,hidden,,0.5,transfer_control
108,easy,transfer,prediction,control,visible,,0.5,transfer_control
108,easy,transfer,prediction,explanation,hidden,,0.3,transfer_explanation
108,easy,transfer,prediction,explanation,visible,,0.4,transfer_explanation
109,easy,feedback,prediction,prediction,hidden,3.0,0.4,feedback_prediction
109,easy,feedback,prediction,prediction,visible,1.0,0.6666666666666666,feedback_prediction
109,easy,transfer,prediction,control,hidden,,0.5,transfer_control
109,easy,transfer,prediction,control,visible,,0.5,transfer_control
109,easy,transfer,prediction,explanation,hidden,,0.6,transfer_explanation
109,easy,transfer,prediction,explanation,visible,,0.5,transfer_explanation
110,easy,feedback,prediction,prediction,hidden,3.0,0.6666666666666666,feedback_prediction
110,easy,feedback,prediction,prediction,visible,1.0,0.8,feedback_prediction
110,easy,transfer,prediction,control,hidden,,0.6,transfer_control
110,easy,transfer,prediction,control,visible,,0.6,transfer_control
110,easy,transfer,prediction,explanation,hidden,,0.7,transfer_explanation
110,easy,transfer,prediction,explanation,visible,,0.5,transfer_explanation
111,easy,feedback,explanation,explanation,hidden,3.0,0.6,feedback_explanation
111,easy,feedback,explanation,explanation,visible,2.0,0.8,feedback_explanation
111,easy,transfer,explanation,control,hidden,,0.8,transfer_control
111,easy,transfer,explanation,control,visible,,0.8,transfer_control
111,easy,transfer,explanation,prediction,hidden,,0.6,transfer_prediction
111,easy,transfer,explanation,prediction,visible,,0.9,transfer_prediction
112,easy,feedback,prediction,prediction,hidden,1.0,0.7333333333333333,feedback_prediction
112,easy,feedback,prediction,prediction,visible,3.0,0.7333333333333333,feedback_prediction
112,easy,transfer,prediction,control,hidden,,0.5,transfer_control
112,easy,transfer,prediction,control,visible,,0.6,transfer_control
112,easy,transfer,prediction,explanation,hidden,,0.3,transfer_explanation
112,easy,transfer,prediction,explanation,visible,,0.4,transfer_explanation
113,easy,feedback,prediction,prediction,hidden,2.0,1.0,feedback_prediction
113,easy,feedback,prediction,prediction,visible,2.0,0.7333333333333333,feedback_prediction
113,easy,transfer,prediction,control,hidden,,0.9,transfer_control
113,easy,transfer,prediction,control,visible,,1.0,transfer_control
113,easy,transfer,prediction,explanation,hidden,,0.2,transfer_explanation
113,easy,transfer,prediction,explanation,visible,,0.5,transfer_explanation
114,easy,feedback,prediction,prediction,hidden,3.0,0.6,feedback_prediction
114,easy,feedback,prediction,prediction,visible,1.0,0.8,feedback_prediction
114,easy,transfer,prediction,control,hidden,,0.5,transfer_control
114,easy,transfer,prediction,control,visible,,0.5,transfer_control
114,easy,transfer,prediction,explanation,hidden,,0.6,transfer_explanation
114,easy,transfer,prediction,explanation,visible,,0.4,transfer_explanation
115,easy,feedback,prediction,prediction,hidden,3.0,0.6666666666666666,feedback_prediction
115,easy,feedback,prediction,prediction,visible,2.0,0.6666666666666666,feedback_prediction
115,easy,transfer,prediction,control,hidden,,0.5,transfer_control
115,easy,transfer,prediction,control,visible,,0.5,transfer_control
115,easy,transfer,prediction,explanation,hidden,,0.4,transfer_explanation
115,easy,transfer,prediction,explanation,visible,,0.6,transfer_explanation
116,easy,feedback,prediction,prediction,hidden,3.0,0.7333333333333333,feedback_prediction
116,easy,feedback,prediction,prediction,visible,1.0,0.8666666666666667,feedback_prediction
116,easy,transfer,prediction,control,hidden,,0.7,transfer_control
116,easy,transfer,prediction,control,visible,,0.6,transfer_control
116,easy,transfer,prediction,explanation,hidden,,0.9,transfer_explanation
116,easy,transfer,prediction,explanation,visible,,0.4,transfer_explanation
117,easy,feedback,explanation,explanation,hidden,3.0,0.6,feedback_explanation
117,easy,feedback,explanation,explanation,visible,3.0,0.8,feedback_explanation
117,easy,transfer,explanation,control,hidden,,0.5,transfer_control
117,easy,transfer,explanation,control,visible,,0.7,transfer_control
117,easy,transfer,explanation,prediction,hidden,,0.4,transfer_prediction
117,easy,transfer,explanation,prediction,visible,,0.6,transfer_prediction
118,easy,feedback,explanation,explanation,hidden,2.0,0.8,feedback_explanation
118,easy,feedback,explanation,explanation,visible,1.0,0.8,feedback_explanation
118,easy,transfer,explanation,control,hidden,,0.7,transfer_control
118,easy,transfer,explanation,control,visible,,0.7,transfer_control
118,easy,transfer,explanation,prediction,hidden,,0.4,transfer_prediction
118,easy,transfer,explanation,prediction,visible,,0.6,transfer_prediction
120,hard,feedback,control,control,hidden,3.0,0.4666666666666667,feedback_control
120,hard,feedback,control,control,visible,1.0,0.8666666666666667,feedback_control
120,hard,transfer,control,explanation,hidden,,0.6,transfer_explanation
120,hard,transfer,control,explanation,visible,,0.5,transfer_explanation
120,hard,transfer,control,prediction,hidden,,0.4,transfer_prediction
120,hard,transfer,control,prediction,visible,,0.9,transfer_prediction
121,hard,feedback,control,control,hidden,3.0,0.4666666666666667,feedback_control
121,hard,feedback,control,control,visible,2.0,0.8,feedback_control
121,hard,transfer,control,explanation,hidden,,0.4,transfer_explanation
121,hard,transfer,control,explanation,visible,,0.5,transfer_explanation
121,hard,transfer,control,prediction,hidden,,0.3,transfer_prediction
121,hard,transfer,control,prediction,visible,,0.3,transfer_prediction
122,hard,feedback,prediction,prediction,hidden,1.0,0.6666666666666666,feedback_prediction
122,hard,feedback,prediction,prediction,visible,1.0,0.6666666666666666,feedback_prediction
122,hard,transfer,prediction,control,hidden,,0.7,transfer_control
122,hard,transfer,prediction,control,visible,,0.4,transfer_control
122,hard,transfer,prediction,explanation,hidden,,0.3,transfer_explanation
122,hard,transfer,prediction,explanation,visible,,0.4,transfer_explanation
124,hard,feedback,prediction,prediction,hidden,3.0,0.8,feedback_prediction
124,hard,feedback,prediction,prediction,visible,1.0,0.6666666666666666,feedback_prediction
124,hard,transfer,prediction,control,hidden,,0.6,transfer_control
124,hard,transfer,prediction,control,visible,,0.5,transfer_control
124,hard,transfer,prediction,explanation,hidden,,0.4,transfer_explanation
124,hard,transfer,prediction,explanation,visible,,0.7,transfer_explanation
126,hard,feedback,prediction,prediction,hidden,3.0,0.6666666666666666,feedback_prediction
126,hard,feedback,prediction,prediction,visible,2.0,0.7333333333333333,feedback_prediction
126,hard,transfer,prediction,control,hidden,,0.7,transfer_control
126,hard,transfer,prediction,control,visible,,0.7,transfer_control
126,hard,transfer,prediction,explanation,hidden,,0.7,transfer_explanation
126,hard,transfer,prediction,explanation,visible,,0.5,transfer_explanation
128,hard,feedback,control,control,hidden,2.0,0.8,feedback_control
128,hard,feedback,control,control,visible,3.0,0.4,feedback_control
128,hard,transfer,control,explanation,hidden,,0.5,transfer_explanation
128,hard,transfer,control,explanation,visible,,0.5,transfer_explanation
128,hard,transfer,control,prediction,hidden,,0.1,transfer_prediction
128,hard,transfer,control,prediction,visible,,0.4,transfer_prediction
129,hard,feedback,control,control,hidden,1.0,0.7333333333333333,feedback_control
129,hard,feedback,control,control,visible,3.0,0.6,feedback_control
129,hard,transfer,control,explanation,hidden,,0.5,transfer_explanation
129,hard,transfer,control,explanation,visible,,0.5,transfer_explanation
129,hard,transfer,control,prediction,hidden,,0.6,transfer_prediction
129,hard,transfer,control,prediction,visible,,0.6,transfer_prediction
130,hard,feedback,prediction,prediction,hidden,2.0,0.7333333333333333,feedback_prediction
130,hard,feedback,prediction,prediction,visible,2.0,0.7333333333333333,feedback_prediction
130,hard,transfer,prediction,control,hidden,,0.8,transfer_control
130,hard,transfer,prediction,control,visible,,0.5,transfer_control
130,hard,transfer,prediction,explanation,hidden,,0.7,transfer_explanation
130,hard,transfer,prediction,explanation,visible,,0.3,transfer_explanation
131,hard,feedback,prediction,prediction,hidden,1.0,0.6666666666666666,feedback_prediction
131,hard,feedback,prediction,prediction,visible,2.0,0.6666666666666666,feedback_prediction
131,hard,transfer,prediction,control,hidden,,0.3,transfer_control
131,hard,transfer,prediction,control,visible,,0.5,transfer_control
131,hard,transfer,prediction,explanation,hidden,,0.5,transfer_explanation
131,hard,transfer,prediction,explanation,visible,,0.4,transfer_explanation
132,hard,feedback,control,control,hidden,2.0,0.7333333333333333,feedback_control
132,hard,feedback,control,control,visible,1.0,0.6666666666666666,feedback_control
132,hard,transfer,control,explanation,hidden,,0.2,transfer_explanation
132,hard,transfer,control,explanation,visible,,0.6,transfer_explanation
132,hard,transfer,control,prediction,hidden,,0.5,transfer_prediction
132,hard,transfer,control,prediction,visible,,0.5,transfer_prediction
134,hard,feedback,prediction,prediction,hidden,2.0,0.6666666666666666,feedback_prediction
134,hard,feedback,prediction,prediction,visible,1.0,0.6666666666666666,feedback_prediction
134,hard,transfer,prediction,control,hidden,,0.4,transfer_control
134,hard,transfer,prediction,control,visible,,0.5,transfer_control
134,hard,transfer,prediction,explanation,hidden,,0.6,transfer_explanation
134,hard,transfer,prediction,explanation,visible,,0.7,transfer_explanation
135,hard,feedback,control,control,hidden,2.0,0.6666666666666666,feedback_control
135,hard,feedback,control,control,visible,1.0,0.8,feedback_control
135,hard,transfer,control,explanation,hidden,,0.7,transfer_explanation
135,hard,transfer,control,explanation,visible,,1.0,transfer_explanation
135,hard,transfer,control,prediction,hidden,,0.6,transfer_prediction
135,hard,transfer,control,prediction,visible,,0.9,transfer_prediction
137,hard,feedback,prediction,prediction,hidden,1.0,0.7333333333333333,feedback_prediction
137,hard,feedback,prediction,prediction,visible,2.0,0.8,feedback_prediction
137,hard,transfer,prediction,control,hidden,,0.7,transfer_control
137,hard,transfer,prediction,control,visible,,0.8,transfer_control
137,hard,transfer,prediction,explanation,hidden,,0.5,transfer_explanation
137,hard,transfer,prediction,explanation,visible,,0.4,transfer_explanation
139,hard,feedback,prediction,prediction,hidden,1.0,0.6666666666666666,feedback_prediction
139,hard,feedback,prediction,prediction,visible,1.0,0.6666666666666666,feedback_prediction
139,hard,transfer,prediction,control,hidden,,0.5,transfer_control
139,hard,transfer,prediction,control,visible,,0.6,transfer_control
139,hard,transfer,prediction,explanation,hidden,,0.3,transfer_explanation
139,hard,transfer,prediction,explanation,visible,,0.6,transfer_explanation
140,hard,feedback,prediction,prediction,hidden,2.0,0.7333333333333333,feedback_prediction
140,hard,feedback,prediction,prediction,visible,2.0,0.6666666666666666,feedback_prediction
140,hard,transfer,prediction,control,hidden,,0.4,transfer_control
140,hard,transfer,prediction,control,visible,,0.5,transfer_control
140,hard,transfer,prediction,explanation,hidden,,0.3,transfer_explanation
140,hard,transfer,prediction,explanation,visible,,0.4,transfer_explanation
141,hard,feedback,control,control,hidden,2.0,0.8666666666666667,feedback_control
141,hard,feedback,control,control,visible,2.0,0.6666666666666666,feedback_control
141,hard,transfer,control,explanation,hidden,,0.6,transfer_explanation
141,hard,transfer,control,explanation,visible,,0.5,transfer_explanation
141,hard,transfer,control,prediction,hidden,,0.5,transfer_prediction
141,hard,transfer,control,prediction,visible,,0.4,transfer_prediction
143,hard,feedback,control,control,hidden,2.0,0.6666666666666666,feedback_control
143,hard,feedback,control,control,visible,1.0,0.9333333333333333,feedback_control
143,hard,transfer,control,explanation,hidden,,0.4,transfer_explanation
143,hard,transfer,control,explanation,visible,,0.4,transfer_explanation
143,hard,transfer,control,prediction,hidden,,0.5,transfer_prediction
143,hard,transfer,control,prediction,visible,,0.8,transfer_prediction
145,hard,feedback,control,control,hidden,3.0,0.6,feedback_control
145,hard,feedback,control,control,visible,2.0,0.7333333333333333,feedback_control
145,hard,transfer,control,explanation,hidden,,0.7,transfer_explanation
145,hard,transfer,control,explanation,visible,,0.6,transfer_explanation
145,hard,transfer,control,prediction,hidden,,0.3,transfer_prediction
145,hard,transfer,control,prediction,visible,,0.4,transfer_prediction
146,hard,feedback,control,control,hidden,1.0,0.7333333333333333,feedback_control
146,hard,feedback,control,control,visible,1.0,0.8,feedback_control
146,hard,transfer,control,explanation,hidden,,0.6,transfer_explanation
146,hard,transfer,control,explanation,visible,,0.5,transfer_explanation
146,hard,transfer,control,prediction,hidden,,0.4,transfer_prediction
146,hard,transfer,control,prediction,visible,,0.5,transfer_prediction
148,hard,feedback,prediction,prediction,hidden,3.0,0.6,feedback_prediction
148,hard,feedback,prediction,prediction,visible,3.0,0.8,feedback_prediction
148,hard,transfer,prediction,control,hidden,,0.6,transfer_control
148,hard,transfer,prediction,control,visible,,0.8,transfer_control
148,hard,transfer,prediction,explanation,hidden,,0.5,transfer_explanation
148,hard,transfer,prediction,explanation,visible,,0.7,transfer_explanation
150,hard,feedback,prediction,prediction,hidden,2.0,0.6666666666666666,feedback_prediction
150,hard,feedback,prediction,prediction,visible,1.0,0.7333333333333333,feedback_prediction
150,hard,transfer,prediction,control,hidden,,0.5,transfer_control
150,hard,transfer,prediction,control,visible,,0.7,transfer_control
150,hard,transfer,prediction,explanation,hidden,,0.6,transfer_explanation
150,hard,transfer,prediction,explanation,visible,,0.7,transfer_explanation
151,hard,feedback,control,control,hidden,3.0,0.4666666666666667,feedback_control
151,hard,feedback,control,control,visible,2.0,0.7333333333333333,feedback_control
151,hard,transfer,control,explanation,hidden,,0.5,transfer_explanation
151,hard,transfer,control,explanation,visible,,0.6,transfer_explanation
151,hard,transfer,control,prediction,hidden,,0.4,transfer_prediction
151,hard,transfer,control,prediction,visible,,0.3,transfer_prediction
152,hard,feedback,prediction,prediction,hidden,3.0,0.6666666666666666,feedback_prediction
152,hard,feedback,prediction,prediction,visible,2.0,0.8,feedback_prediction
152,hard,transfer,prediction,control,hidden,,0.3,transfer_control
152,hard,transfer,prediction,control,visible,,0.7,transfer_control
152,hard,transfer,prediction,explanation,hidden,,0.5,transfer_explanation
152,hard,transfer,prediction,explanation,visible,,0.5,transfer_explanation
153,hard,feedback,control,control,hidden,3.0,0.5333333333333333,feedback_control
153,hard,feedback,control,control,visible,1.0,0.6666666666666666,feedback_control
153,hard,transfer,control,explanation,hidden,,0.4,transfer_explanation
153,hard,transfer,control,explanation,visible,,0.5,transfer_explanation
153,hard,transfer,control,prediction,hidden,,0.5,transfer_prediction
153,hard,transfer,control,prediction,visible,,0.3,transfer_prediction
156,hard,feedback,prediction,prediction,hidden,3.0,0.4666666666666667,feedback_prediction
156,hard,feedback,prediction,prediction,visible,1.0,0.6666666666666666,feedback_prediction
156,hard,transfer,prediction,control,hidden,,0.3,transfer_control
156,hard,transfer,prediction,control,visible,,0.5,transfer_control
156,hard,transfer,prediction,explanation,hidden,,0.3,transfer_explanation
156,hard,transfer,prediction,explanation,visible,,0.5,transfer_explanation
159,hard,feedback,control,control,hidden,1.0,0.6666666666666666,feedback_control
159,hard,feedback,control,control,visible,1.0,0.8,feedback_control
159,hard,transfer,control,explanation,hidden,,0.4,transfer_explanation
159,hard,transfer,control,explanation,visible,,0.5,transfer_explanation
159,hard,transfer,control,prediction,hidden,,0.5,transfer_prediction
159,hard,transfer,control,prediction,visible,,0.6,transfer_prediction
160,hard,feedback,prediction,prediction,hidden,3.0,0.5333333333333333,feedback_prediction
160,hard,feedback,prediction,prediction,visible,1.0,0.6666666666666666,feedback_prediction
160,hard,transfer,prediction,control,hidden,,0.8,transfer_control
160,hard,transfer,prediction,control,visible,,0.6,transfer_control
160,hard,transfer,prediction,explanation,hidden,,0.8,transfer_explanation
160,hard,transfer,prediction,explanation,visible,,0.5,transfer_explanation
164,hard,feedback,control,control,hidden,1.0,0.6666666666666666,feedback_control
164,hard,feedback,control,control,visible,3.0,0.6666666666666666,feedback_control
164,hard,transfer,control,explanation,hidden,,0.6,transfer_explanation
164,hard,transfer,control,explanation,visible,,0.6,transfer_explanation
164,hard,transfer,control,prediction,hidden,,0.4,transfer_prediction
164,hard,transfer,control,prediction,visible,,0.5,transfer_prediction
167,hard,feedback,prediction,prediction,hidden,3.0,0.5333333333333333,feedback_prediction
167,hard,feedback,prediction,prediction,visible,1.0,0.7333333333333333,feedback_prediction
167,hard,transfer,prediction,control,hidden,,0.8,transfer_control
167,hard,transfer,prediction,control,visible,,0.8,transfer_control
167,hard,transfer,prediction,explanation,hidden,,0.3,transfer_explanation
167,hard,transfer,prediction,explanation,visible,,0.4,transfer_explanation
168,hard,feedback,control,control,hidden,1.0,0.6666666666666666,feedback_control
168,hard,feedback,control,control,visible,1.0,0.7333333333333333,feedback_control
168,hard,transfer,control,explanation,hidden,,0.3,transfer_explanation
168,hard,transfer,control,explanation,visible,,0.3,transfer_explanation
168,hard,transfer,control,prediction,hidden,,0.5,transfer_prediction
168,hard,transfer,control,prediction,visible,,0.6,transfer_prediction
171,hard,feedback,prediction,prediction,hidden,3.0,0.9333333333333333,feedback_prediction
171,hard,feedback,prediction,prediction,visible,3.0,0.8,feedback_prediction
171,hard,transfer,prediction,control,hidden,,0.6,transfer_control
171,hard,transfer,prediction,control,visible,,0.8,transfer_control
171,hard,transfer,prediction,explanation,hidden,,0.5,transfer_explanation
171,hard,transfer,prediction,explanation,visible,,0.5,transfer_explanation
174,hard,feedback,control,control,hidden,1.0,0.6666666666666666,feedback_control
174,hard,feedback,control,control,visible,1.0,0.8,feedback_control
174,hard,transfer,control,explanation,hidden,,0.8,transfer_explanation
174,hard,transfer,control,explanation,visible,,0.6,transfer_explanation
174,hard,transfer,control,prediction,hidden,,0.7,transfer_prediction
174,hard,transfer,control,prediction,visible,,0.7,transfer_prediction
175,hard,feedback,control,control,hidden,1.0,0.6666666666666666,feedback_control
175,hard,feedback,control,control,visible,1.0,0.7333333333333333,feedback_control
175,hard,transfer,control,explanation,hidden,,0.6,transfer_explanation
175,hard,transfer,control,explanation,visible,,0.5,transfer_explanation
175,hard,transfer,control,prediction,hidden,,0.3,transfer_prediction
175,hard,transfer,control,prediction,visible,,0.4,transfer_prediction
176,hard,feedback,control,control,hidden,2.0,0.8,feedback_control
176,hard,feedback,control,control,visible,1.0,0.9333333333333333,feedback_control
176,hard,transfer,control,explanation,hidden,,0.5,transfer_explanation
176,hard,transfer,control,explanation,visible,,0.3,transfer_explanation
176,hard,transfer,control,prediction,hidden,,0.6,transfer_prediction
176,hard,transfer,control,prediction,visible,,0.4,transfer_prediction
177,hard,feedback,prediction,prediction,hidden,3.0,0.4,feedback_prediction
177,hard,feedback,prediction,prediction,visible,1.0,0.7333333333333333,feedback_prediction
177,hard,transfer,prediction,control,hidden,,0.3,transfer_control
177,hard,transfer,prediction,control,visible,,0.3,transfer_control
177,hard,transfer,prediction,explanation,hidden,,0.3,transfer_explanation
177,hard,transfer,prediction,explanation,visible,,0.5,transfer_explanation
178,hard,feedback,control,control,hidden,3.0,0.6,feedback_control
178,hard,feedback,control,control,visible,1.0,0.6666666666666666,feedback_control
178,hard,transfer,control,explanation,hidden,,0.6,transfer_explanation
178,hard,transfer,control,explanation,visible,,0.6,transfer_explanation
178,hard,transfer,control,prediction,hidden,,0.7,transfer_prediction
178,hard,transfer,control,prediction,visible,,0.5,transfer_prediction
179,hard,feedback,control,control,hidden,1.0,0.7333333333333333,feedback_control
179,hard,feedback,control,control,visible,3.0,0.7333333333333333,feedback_control
179,hard,transfer,control,explanation,hidden,,0.7,transfer_explanation
179,hard,transfer,control,explanation,visible,,0.3,transfer_explanation
179,hard,transfer,control,prediction,hidden,,0.5,transfer_prediction
179,hard,transfer,control,prediction,visible,,0.7,transfer_prediction
180,hard,feedback,control,control,hidden,2.0,0.6666666666666666,feedback_control
180,hard,feedback,control,control,visible,1.0,0.8666666666666667,feedback_control
180,hard,transfer,control,explanation,hidden,,0.8,transfer_explanation
180,hard,transfer,control,explanation,visible,,0.6,transfer_explanation
180,hard,transfer,control,prediction,hidden,,0.8,transfer_prediction
180,hard,transfer,control,prediction,visible,,0.6,transfer_prediction
182,hard,feedback,control,control,hidden,2.0,0.6666666666666666,feedback_control
182,hard,feedback,control,control,visible,1.0,0.8,feedback_control
182,hard,transfer,control,explanation,hidden,,0.5,transfer_explanation
182,hard,transfer,control,explanation,visible,,0.5,transfer_explanation
182,hard,transfer,control,prediction,hidden,,0.3,transfer_prediction
182,hard,transfer,control,prediction,visible,,0.6,transfer_prediction
183,hard,feedback,control,control,hidden,2.0,0.6666666666666666,feedback_control
183,hard,feedback,control,control,visible,1.0,0.8,feedback_control
183,hard,transfer,control,explanation,hidden,,0.6,transfer_explanation
183,hard,transfer,control,explanation,visible,,0.4,transfer_explanation
183,hard,transfer,control,prediction,hidden,,0.6,transfer_prediction
183,hard,transfer,control,prediction,visible,,0.7,transfer_prediction
184,hard,feedback,control,control,hidden,1.0,0.8,feedback_control
184,hard,feedback,control,control,visible,1.0,0.6666666666666666,feedback_control
184,hard,transfer,control,explanation,hidden,,0.5,transfer_explanation
184,hard,transfer,control,explanation,visible,,0.7,transfer_explanation
184,hard,transfer,control,prediction,hidden,,0.7,transfer_prediction
184,hard,transfer,control,prediction,visible,,0.6,transfer_prediction
190,hard,feedback,prediction,prediction,hidden,3.0,0.3333333333333333,feedback_prediction
190,hard,feedback,prediction,prediction,visible,3.0,0.8,feedback_prediction
190,hard,transfer,prediction,control,hidden,,0.5,transfer_control
190,hard,transfer,prediction,control,visible,,0.6,transfer_control
190,hard,transfer,prediction,explanation,hidden,,0.3,transfer_explanation
190,hard,transfer,prediction,explanation,visible,,0.8,transfer_explanation
192,hard,feedback,control,control,hidden,3.0,0.7333333333333333,feedback_control
192,hard,feedback,control,control,visible,3.0,0.6,feedback_control
192,hard,transfer,control,explanation,hidden,,0.4,transfer_explanation
192,hard,transfer,control,explanation,visible,,0.3,transfer_explanation
192,hard,transfer,control,prediction,hidden,,0.7,transfer_prediction
192,hard,transfer,control,prediction,visible,,0.5,transfer_prediction
193,hard,feedback,control,control,hidden,2.0,0.6666666666666666,feedback_control
193,hard,feedback,control,control,visible,2.0,0.7333333333333333,feedback_control
193,hard,transfer,control,explanation,hidden,,0.5,transfer_explanation
193,hard,transfer,control,explanation,visible,,0.7,transfer_explanation
193,hard,transfer,control,prediction,hidden,,0.7,transfer_prediction
193,hard,transfer,control,prediction,visible,,0.6,transfer_prediction
195,hard,feedback,prediction,prediction,hidden,3.0,0.7333333333333333,feedback_prediction
195,hard,feedback,prediction,prediction,visible,1.0,0.8666666666666667,feedback_prediction
195,hard,transfer,prediction,control,hidden,,0.8,transfer_control
195,hard,transfer,prediction,control,visible,,1.0,transfer_control
195,hard,transfer,prediction,explanation,hidden,,0.7,transfer_explanation
195,hard,transfer,prediction,explanation,visible,,0.6,transfer_explanation
196,hard,feedback,prediction,prediction,hidden,2.0,0.7333333333333333,feedback_prediction
196,hard,feedback,prediction,prediction,visible,2.0,0.6666666666666666,feedback_prediction
196,hard,transfer,prediction,control,hidden,,0.5,transfer_control
196,hard,transfer,prediction,control,visible,,0.7,transfer_control
196,hard,transfer,prediction,explanation,hidden,,0.8,transfer_explanation
196,hard,transfer,prediction,explanation,visible,,0.5,transfer_explanation
197,hard,feedback,control,control,hidden,1.0,0.7333333333333333,feedback_control
197,hard,feedback,control,control,visible,1.0,0.6666666666666666,feedback_control
197,hard,transfer,control,explanation,hidden,,0.6,transfer_explanation
197,hard,transfer,control,explanation,visible,,0.6,transfer_explanation
197,hard,transfer,control,prediction,hidden,,0.4,transfer_prediction
197,hard,transfer,control,prediction,visible,,0.6,transfer_prediction
199,hard,feedback,prediction,prediction,hidden,1.0,0.8,feedback_prediction
199,hard,feedback,prediction,prediction,visible,3.0,0.6666666666666666,feedback_prediction
199,hard,transfer,prediction,control,hidden,,0.2,transfer_control
199,hard,transfer,prediction,control,visible,,0.7,transfer_control
199,hard,transfer,prediction,explanation,hidden,,0.5,transfer_explanation
199,hard,transfer,prediction,explanation,visible,,0.6,transfer_explanation
200,hard,feedback,control,control,hidden,3.0,0.6,feedback_control
200,hard,feedback,control,control,visible,2.0,0.6666666666666666,feedback_control
200,hard,transfer,control,explanation,hidden,,0.4,transfer_explanation
200,hard,transfer,control,explanation,visible,,0.8,transfer_explanation
200,hard,transfer,control,prediction,hidden,,0.6,transfer_prediction
200,hard,transfer,control,prediction,visible,,0.5,transfer_prediction
202,hard,feedback,prediction,prediction,hidden,3.0,0.3333333333333333,feedback_prediction
202,hard,feedback,prediction,prediction,visible,3.0,0.7333333333333333,feedback_prediction
202,hard,transfer,prediction,control,hidden,,0.6,transfer_control
202,hard,transfer,prediction,control,visible,,0.4,transfer_control
202,hard,transfer,prediction,explanation,hidden,,0.6,transfer_explanation
202,hard,transfer,prediction,explanation,visible,,0.5,transfer_explanation
204,hard,feedback,control,control,hidden,3.0,0.6666666666666666,feedback_control
204,hard,feedback,control,control,visible,2.0,0.8,feedback_control
204,hard,transfer,control,explanation,hidden,,0.6,transfer_explanation
204,hard,transfer,control,explanation,visible,,0.6,transfer_explanation
204,hard,transfer,control,prediction,hidden,,0.5,transfer_prediction
204,hard,transfer,control,prediction,visible,,0.5,transfer_prediction
205,hard,feedback,prediction,prediction,hidden,2.0,1.0,feedback_prediction
205,hard,feedback,prediction,prediction,visible,2.0,0.6666666666666666,feedback_prediction
205,hard,transfer,prediction,control,hidden,,0.9,transfer_control
205,hard,transfer,prediction,control,visible,,0.8,transfer_control
205,hard,transfer,prediction,explanation,hidden,,0.7,transfer_explanation
205,hard,transfer,prediction,explanation,visible,,0.7,transfer_explanation
208,hard,feedback,explanation,explanation,hidden,3.0,0.6666666666666666,feedback_explanation
208,hard,feedback,explanation,explanation,visible,2.0,0.7333333333333333,feedback_explanation
208,hard,transfer,explanation,control,hidden,,0.5,transfer_control
208,hard,transfer,explanation,control,visible,,0.3,transfer_control
208,hard,transfer,explanation,prediction,hidden,,0.2,transfer_prediction
208,hard,transfer,explanation,prediction,visible,,0.5,transfer_prediction
209,hard,feedback,explanation,explanation,hidden,2.0,0.7333333333333333,feedback_explanation
209,hard,feedback,explanation,explanation,visible,3.0,0.5333333333333333,feedback_explanation
209,hard,transfer,explanation,control,hidden,,0.6,transfer_control
209,hard,transfer,explanation,control,visible,,0.6,transfer_control
209,hard,transfer,explanation,prediction,hidden,,0.5,transfer_prediction
209,hard,transfer,explanation,prediction,visible,,0.5,transfer_prediction
210,hard,feedback,explanation,explanation,hidden,1.0,0.7333333333333333,feedback_explanation
210,hard,feedback,explanation,explanation,visible,3.0,0.5333333333333333,feedback_explanation
210,hard,transfer,explanation,control,hidden,,0.4,transfer_control
210,hard,transfer,explanation,control,visible,,0.5,transfer_control
210,hard,transfer,explanation,prediction,hidden,,0.4,transfer_prediction
210,hard,transfer,explanation,prediction,visible,,0.6,transfer_prediction
213,hard,feedback,explanation,explanation,hidden,1.0,0.6666666666666666,feedback_explanation
213,hard,feedback,explanation,explanation,visible,3.0,0.5333333333333333,feedback_explanation
213,hard,transfer,explanation,control,hidden,,0.7,transfer_control
213,hard,transfer,explanation,control,visible,,0.6,transfer_control
213,hard,transfer,explanation,prediction,hidden,,0.7,transfer_prediction
213,hard,transfer,explanation,prediction,visible,,0.7,transfer_prediction
214,hard,feedback,explanation,explanation,hidden,1.0,0.6666666666666666,feedback_explanation
214,hard,feedback,explanation,explanation,visible,3.0,0.5333333333333333,feedback_explanation
214,hard,transfer,explanation,control,hidden,,0.7,transfer_control
214,hard,transfer,explanation,control,visible,,0.5,transfer_control
214,hard,transfer,explanation,prediction,hidden,,0.4,transfer_prediction
214,hard,transfer,explanation,prediction,visible,,0.5,transfer_prediction
215,hard,feedback,explanation,explanation,hidden,1.0,0.6666666666666666,feedback_explanation
215,hard,feedback,explanation,explanation,visible,2.0,0.6666666666666666,feedback_explanation
215,hard,transfer,explanation,control,hidden,,0.8,transfer_control
215,hard,transfer,explanation,control,visible,,0.8,transfer_control
215,hard,transfer,explanation,prediction,hidden,,0.3,transfer_prediction
215,hard,transfer,explanation,prediction,visible,,0.4,transfer_prediction
216,hard,feedback,explanation,explanation,hidden,1.0,0.6666666666666666,feedback_explanation
216,hard,feedback,explanation,explanation,visible,3.0,0.4,feedback_explanation
216,hard,transfer,explanation,control,hidden,,0.6,transfer_control
216,hard,transfer,explanation,control,visible,,0.5,transfer_control
216,hard,transfer,explanation,prediction,hidden,,0.4,transfer_prediction
216,hard,transfer,explanation,prediction,visible,,0.6,transfer_prediction
217,hard,feedback,explanation,explanation,hidden,3.0,0.4666666666666667,feedback_explanation
217,hard,feedback,explanation,explanation,visible,1.0,0.6666666666666666,feedback_explanation
217,hard,transfer,explanation,control,hidden,,0.5,transfer_control
217,hard,transfer,explanation,control,visible,,0.4,transfer_control
217,hard,transfer,explanation,prediction,hidden,,0.5,transfer_prediction
217,hard,transfer,explanation,prediction,visible,,0.3,transfer_prediction
218,hard,feedback,explanation,explanation,hidden,1.0,0.6666666666666666,feedback_explanation
218,hard,feedback,explanation,explanation,visible,1.0,0.6666666666666666,feedback_explanation
218,hard,transfer,explanation,control,hidden,,0.5,transfer_control
218,hard,transfer,explanation,control,visible,,0.5,transfer_control
218,hard,transfer,explanation,prediction,hidden,,0.6,transfer_prediction
218,hard,transfer,explanation,prediction,visible,,0.4,transfer_prediction
220,hard,feedback,explanation,explanation,hidden,3.0,0.6,feedback_explanation
220,hard,feedback,explanation,explanation,visible,1.0,0.7333333333333333,feedback_explanation
220,hard,transfer,explanation,control,hidden,,0.5,transfer_control
220,hard,transfer,explanation,control,visible,,0.1,transfer_control
220,hard,transfer,explanation,prediction,hidden,,0.1,transfer_prediction
220,hard,transfer,explanation,prediction,visible,,0.6,transfer_prediction
221,hard,feedback,explanation,explanation,hidden,2.0,0.7333333333333333,feedback_explanation
221,hard,feedback,explanation,explanation,visible,2.0,0.6666666666666666,feedback_explanation
221,hard,transfer,explanation,control,hidden,,0.6,transfer_control
221,hard,transfer,explanation,control,visible,,0.4,transfer_control
221,hard,transfer,explanation,prediction,hidden,,0.5,transfer_prediction
221,hard,transfer,explanation,prediction,visible,,0.7,transfer_prediction
222,hard,feedback,explanation,explanation,hidden,1.0,0.7333333333333333,feedback_explanation
222,hard,feedback,explanation,explanation,visible,2.0,0.6666666666666666,feedback_explanation
222,hard,transfer,explanation,control,hidden,,0.3,transfer_control
222,hard,transfer,explanation,control,visible,,0.8,transfer_control
222,hard,transfer,explanation,prediction,hidden,,0.5,transfer_prediction
222,hard,transfer,explanation,prediction,visible,,0.7,transfer_prediction
224,hard,feedback,explanation,explanation,hidden,1.0,0.6666666666666666,feedback_explanation
224,hard,feedback,explanation,explanation,visible,2.0,0.7333333333333333,feedback_explanation
224,hard,transfer,explanation,control,hidden,,0.7,transfer_control
224,hard,transfer,explanation,control,visible,,0.5,transfer_control
224,hard,transfer,explanation,prediction,hidden,,0.7,transfer_prediction
224,hard,transfer,explanation,prediction,visible,,0.4,transfer_prediction
225,hard,feedback,explanation,explanation,hidden,3.0,0.3333333333333333,feedback_explanation
225,hard,feedback,explanation,explanation,visible,1.0,0.6666666666666666,feedback_explanation
225,hard,transfer,explanation,control,hidden,,0.4,transfer_control
225,hard,transfer,explanation,control,visible,,0.7,transfer_control
225,hard,transfer,explanation,prediction,hidden,,0.5,transfer_prediction
225,hard,transfer,explanation,prediction,visible,,0.5,transfer_prediction
226,hard,feedback,explanation,explanation,hidden,3.0,0.7333333333333333,feedback_explanation
226,hard,feedback,explanation,explanation,visible,3.0,0.6,feedback_explanation
226,hard,transfer,explanation,control,hidden,,0.4,transfer_control
226,hard,transfer,explanation,control,visible,,0.5,transfer_control
226,hard,transfer,explanation,prediction,hidden,,0.3,transfer_prediction
226,hard,transfer,explanation,prediction,visible,,0.7,transfer_prediction
228,hard,feedback,explanation,explanation,hidden,2.0,0.7333333333333333,feedback_explanation
228,hard,feedback,explanation,explanation,visible,1.0,0.7333333333333333,feedback_explanation
228,hard,transfer,explanation,control,hidden,,0.5,transfer_control
228,hard,transfer,explanation,control,visible,,0.8,transfer_control
228,hard,transfer,explanation,prediction,hidden,,0.6,transfer_prediction
228,hard,transfer,explanation,prediction,visible,,0.6,transfer_prediction
229,hard,feedback,explanation,explanation,hidden,2.0,0.7333333333333333,feedback_explanation
229,hard,feedback,explanation,explanation,visible,2.0,0.7333333333333333,feedback_explanation
229,hard,transfer,explanation,control,hidden,,0.7,transfer_control
229,hard,transfer,explanation,control,visible,,0.8,transfer_control
229,hard,transfer,explanation,prediction,hidden,,0.4,transfer_prediction
229,hard,transfer,explanation,prediction,visible,,0.7,transfer_prediction
230,hard,feedback,explanation,explanation,hidden,2.0,0.6666666666666666,feedback_explanation
230,hard,feedback,explanation,explanation,visible,3.0,0.6,feedback_explanation
230,hard,transfer,explanation,control,hidden,,0.2,transfer_control
230,hard,transfer,explanation,control,visible,,0.6,transfer_control
230,hard,transfer,explanation,prediction,hidden,,0.5,transfer_prediction
230,hard,transfer,explanation,prediction,visible,,0.4,transfer_prediction
231,hard,feedback,explanation,explanation,hidden,3.0,0.7333333333333333,feedback_explanation
231,hard,feedback,explanation,explanation,visible,2.0,0.6666666666666666,feedback_explanation
231,hard,transfer,explanation,control,hidden,,0.5,transfer_control
231,hard,transfer,explanation,control,visible,,0.6,transfer_control
231,hard,transfer,explanation,prediction,hidden,,0.7,transfer_prediction
231,hard,transfer,explanation,prediction,visible,,0.5,transfer_prediction
235,hard,feedback,explanation,explanation,hidden,2.0,0.7333333333333333,feedback_explanation
235,hard,feedback,explanation,explanation,visible,3.0,0.5333333333333333,feedback_explanation
235,hard,transfer,explanation,control,hidden,,0.7,transfer_control
235,hard,transfer,explanation,control,visible,,0.8,transfer_control
235,hard,transfer,explanation,prediction,hidden,,0.8,transfer_prediction
235,hard,transfer,explanation,prediction,visible,,0.4,transfer_prediction
236,hard,feedback,explanation,explanation,hidden,2.0,0.9333333333333333,feedback_explanation
236,hard,feedback,explanation,explanation,visible,3.0,0.5333333333333333,feedback_explanation
236,hard,transfer,explanation,control,hidden,,0.5,transfer_control
236,hard,transfer,explanation,control,visible,,0.6,transfer_control
236,hard,transfer,explanation,prediction,hidden,,0.6,transfer_prediction
236,hard,transfer,explanation,prediction,visible,,0.3,transfer_prediction
239,hard,feedback,explanation,explanation,hidden,3.0,0.4,feedback_explanation
239,hard,feedback,explanation,explanation,visible,3.0,0.6666666666666666,feedback_explanation
239,hard,transfer,explanation,control,hidden,,0.5,transfer_control
239,hard,transfer,explanation,control,visible,,0.3,transfer_control
239,hard,transfer,explanation,prediction,hidden,,0.6,transfer_prediction
239,hard,transfer,explanation,prediction,visible,,0.4,transfer_prediction
242,hard,feedback,explanation,explanation,hidden,3.0,0.4666666666666667,feedback_explanation
242,hard,feedback,explanation,explanation,visible,1.0,0.7333333333333333,feedback_explanation
242,hard,transfer,explanation,control,hidden,,0.3,transfer_control
242,hard,transfer,explanation,control,visible,,0.7,transfer_control
242,hard,transfer,explanation,prediction,hidden,,0.6,transfer_prediction
242,hard,transfer,explanation,prediction,visible,,0.4,transfer_prediction
243,hard,feedback,explanation,explanation,hidden,1.0,0.6666666666666666,feedback_explanation
243,hard,feedback,explanation,explanation,visible,3.0,0.2,feedback_explanation
243,hard,transfer,explanation,control,hidden,,0.5,transfer_control
243,hard,transfer,explanation,control,visible,,0.4,transfer_control
243,hard,transfer,explanation,prediction,hidden,,0.4,transfer_prediction
243,hard,transfer,explanation,prediction,visible,,0.5,transfer_prediction
244,hard,feedback,explanation,explanation,hidden,3.0,0.3333333333333333,feedback_explanation
244,hard,feedback,explanation,explanation,visible,3.0,0.6666666666666666,feedback_explanation
244,hard,transfer,explanation,control,hidden,,0.5,transfer_control
244,hard,transfer,explanation,control,visible,,0.8,transfer_control
244,hard,transfer,explanation,prediction,hidden,,0.7,transfer_prediction
244,hard,transfer,explanation,prediction,visible,,0.7,transfer_prediction
245,hard,feedback,explanation,explanation,hidden,2.0,0.6666666666666666,feedback_explanation
245,hard,feedback,explanation,explanation,visible,3.0,0.7333333333333333,feedback_explanation
245,hard,transfer,explanation,control,hidden,,0.8,transfer_control
245,hard,transfer,explanation,control,visible,,0.3,transfer_control
245,hard,transfer,explanation,prediction,hidden,,0.4,transfer_prediction
245,hard,transfer,explanation,prediction,visible,,0.5,transfer_prediction
246,hard,feedback,prediction,prediction,hidden,1.0,0.8,feedback_prediction
246,hard,feedback,prediction,prediction,visible,2.0,0.8,feedback_prediction
246,hard,transfer,prediction,control,hidden,,0.8,transfer_control
246,hard,transfer,prediction,control,visible,,0.9,transfer_control
246,hard,transfer,prediction,explanation,hidden,,0.4,transfer_explanation
246,hard,transfer,prediction,explanation,visible,,0.7,transfer_explanation
247,hard,feedback,control,control,hidden,1.0,0.6666666666666666,feedback_control
247,hard,feedback,control,control,visible,1.0,0.7333333333333333,feedback_control
247,hard,transfer,control,explanation,hidden,,0.3,transfer_explanation
247,hard,transfer,control,explanation,visible,,0.6,transfer_explanation
247,hard,transfer,control,prediction,hidden,,0.7,transfer_prediction
247,hard,transfer,control,prediction,visible,,0.7,transfer_prediction
248,hard,feedback,prediction,prediction,hidden,3.0,0.7333333333333333,feedback_prediction
248,hard,feedback,prediction,prediction,visible,3.0,0.3333333333333333,feedback_prediction
248,hard,transfer,prediction,control,hidden,,0.5,transfer_control
248,hard,transfer,prediction,control,visible,,0.6,transfer_control
248,hard,transfer,prediction,explanation,hidden,,0.6,transfer_explanation
248,hard,transfer,prediction,explanation,visible,,0.3,transfer_explanation
249,hard,feedback,control,control,hidden,1.0,0.7333333333333333,feedback_control
249,hard,feedback,control,control,visible,3.0,0.8666666666666667,feedback_control
249,hard,transfer,control,explanation,hidden,,0.7,transfer_explanation
249,hard,transfer,control,explanation,visible,,0.5,transfer_explanation
249,hard,transfer,control,prediction,hidden,,0.8,transfer_prediction
249,hard,transfer,control,prediction,visible,,0.5,transfer_prediction
250,hard,feedback,prediction,prediction,hidden,1.0,0.6666666666666666,feedback_prediction
250,hard,feedback,prediction,prediction,visible,1.0,0.7333333333333333,feedback_prediction
250,hard,transfer,prediction,control,hidden,,0.6,transfer_control
250,hard,transfer,prediction,control,visible,,0.7,transfer_control
250,hard,transfer,prediction,explanation,hidden,,0.5,transfer_explanation
250,hard,transfer,prediction,explanation,visible,,0.7,transfer_explanation
251,hard,feedback,prediction,prediction,hidden,3.0,0.6,feedback_prediction
251,hard,feedback,prediction,prediction,visible,1.0,0.8666666666666667,feedback_prediction
251,hard,transfer,prediction,control,hidden,,0.4,transfer_control
251,hard,transfer,prediction,control,visible,,0.6,transfer_control
251,hard,transfer,prediction,explanation,hidden,,0.7,transfer_explanation
251,hard,transfer,prediction,explanation,visible,,0.4,transfer_explanation
252,hard,feedback,prediction,prediction,hidden,2.0,0.7333333333333333,feedback_prediction
252,hard,feedback,prediction,prediction,visible,2.0,0.6666666666666666,feedback_prediction
252,hard,transfer,prediction,control,hidden,,0.4,transfer_control
252,hard,transfer,prediction,control,visible,,0.7,transfer_control
252,hard,transfer,prediction,explanation,hidden,,0.5,transfer_explanation
252,hard,transfer,prediction,explanation,visible,,0.5,transfer_explanation
254,hard,feedback,control,control,hidden,2.0,0.8,feedback_control
254,hard,feedback,control,control,visible,1.0,0.7333333333333333,feedback_control
254,hard,transfer,control,explanation,hidden,,0.4,transfer_explanation
254,hard,transfer,control,explanation,visible,,0.5,transfer_explanation
254,hard,transfer,control,prediction,hidden,,0.5,transfer_prediction
254,hard,transfer,control,prediction,visible,,0.6,transfer_prediction
255,hard,feedback,control,control,hidden,2.0,0.7333333333333333,feedback_control
255,hard,feedback,control,control,visible,1.0,0.8,feedback_control
255,hard,transfer,control,explanation,hidden,,0.5,transfer_explanation
255,hard,transfer,control,explanation,visible,,0.4,transfer_explanation
255,hard,transfer,control,prediction,hidden,,0.5,transfer_prediction
255,hard,transfer,control,prediction,visible,,0.5,transfer_prediction
256,hard,feedback,control,control,hidden,1.0,0.6666666666666666,feedback_control
256,hard,feedback,control,control,visible,1.0,0.8,feedback_control
256,hard,transfer,control,explanation,hidden,,0.6,transfer_explanation
256,hard,transfer,control,explanation,visible,,0.6,transfer_explanation
256,hard,transfer,control,prediction,hidden,,0.7,transfer_prediction
256,hard,transfer,control,prediction,visible,,0.5,transfer_prediction
257,hard,feedback,prediction,prediction,hidden,2.0,0.7333333333333333,feedback_prediction
257,hard,feedback,prediction,prediction,visible,3.0,0.6,feedback_prediction
257,hard,transfer,prediction,control,hidden,,0.3,transfer_control
257,hard,transfer,prediction,control,visible,,0.5,transfer_control
257,hard,transfer,prediction,explanation,hidden,,0.6,transfer_explanation
257,hard,transfer,prediction,explanation,visible,,0.6,transfer_explanation
258,hard,feedback,prediction,prediction,hidden,3.0,0.6666666666666666,feedback_prediction
258,hard,feedback,prediction,prediction,visible,1.0,0.8,feedback_prediction
258,hard,transfer,prediction,control,hidden,,0.8,transfer_control
258,hard,transfer,prediction,control,visible,,0.8,transfer_control
258,hard,transfer,prediction,explanation,hidden,,0.6,transfer_explanation
258,hard,transfer,prediction,explanation,visible,,0.5,transfer_explanation
259,hard,feedback,control,control,hidden,2.0,0.6666666666666666,feedback_control
259,hard,feedback,control,control,visible,1.0,0.8,feedback_control
259,hard,transfer,control,explanation,hidden,,0.8,transfer_explanation
259,hard,transfer,control,explanation,visible,,0.7,transfer_explanation
259,hard,transfer,control,prediction,hidden,,0.7,transfer_prediction
259,hard,transfer,control,prediction,visible,,0.7,transfer_prediction
260,hard,feedback,control,control,hidden,2.0,0.8,feedback_control
260,hard,feedback,control,control,visible,1.0,0.8,feedback_control
260,hard,transfer,control,explanation,hidden,,0.9,transfer_explanation
260,hard,transfer,control,explanation,visible,,0.5,transfer_explanation
260,hard,transfer,control,prediction,hidden,,0.5,transfer_prediction
260,hard,transfer,control,prediction,visible,,0.5,transfer_prediction
261,hard,feedback,prediction,prediction,hidden,2.0,0.6666666666666666,feedback_prediction
261,hard,feedback,prediction,prediction,visible,1.0,0.6666666666666666,feedback_prediction
261,hard,transfer,prediction,control,hidden,,0.6,transfer_control
261,hard,transfer,prediction,control,visible,,0.6,transfer_control
261,hard,transfer,prediction,explanation,hidden,,0.7,transfer_explanation
261,hard,transfer,prediction,explanation,visible,,0.7,transfer_explanation
263,hard,feedback,prediction,prediction,hidden,2.0,0.6666666666666666,feedback_prediction
263,hard,feedback,prediction,prediction,visible,3.0,0.5333333333333333,feedback_prediction
263,hard,transfer,prediction,control,hidden,,0.5,transfer_control
263,hard,transfer,prediction,control,visible,,0.4,transfer_control
263,hard,transfer,prediction,explanation,hidden,,0.4,transfer_explanation
263,hard,transfer,prediction,explanation,visible,,0.6,transfer_explanation
265,hard,feedback,prediction,prediction,hidden,1.0,0.7333333333333333,feedback_prediction
265,hard,feedback,prediction,prediction,visible,3.0,0.7333333333333333,feedback_prediction
265,hard,transfer,prediction,control,hidden,,0.6,transfer_control
265,hard,transfer,prediction,control,visible,,0.6,transfer_control
265,hard,transfer,prediction,explanation,hidden,,0.4,transfer_explanation
265,hard,transfer,prediction,explanation,visible,,0.6,transfer_explanation
266,hard,feedback,control,control,hidden,3.0,0.8666666666666667,feedback_control
266,hard,feedback,control,control,visible,1.0,0.6666666666666666,feedback_control
266,hard,transfer,control,explanation,hidden,,0.5,transfer_explanation
266,hard,transfer,control,explanation,visible,,0.6,transfer_explanation
266,hard,transfer,control,prediction,hidden,,0.8,transfer_prediction
266,hard,transfer,control,prediction,visible,,0.6,transfer_prediction
267,hard,feedback,control,control,hidden,2.0,0.9333333333333333,feedback_control
267,hard,feedback,control,control,visible,1.0,0.7333333333333333,feedback_control
267,hard,transfer,control,explanation,hidden,,0.6,transfer_explanation
267,hard,transfer,control,explanation,visible,,0.4,transfer_explanation
267,hard,transfer,control,prediction,hidden,,0.6,transfer_prediction
267,hard,transfer,control,prediction,visible,,0.5,transfer_prediction
